,date,county,state,fips,cases,deaths,COUNTY,STNAME,CTYNAME,POPESTIMATE2019,per_100k,per_100k_ra,new_cases,new_cases_ra
272767,2020-03-23,Pierce,Georgia,13229.0,1,0,229,Georgia,Pierce,19465,5.137426149499101,,,
272768,2020-03-24,Pierce,Georgia,13229.0,1,0,229,Georgia,Pierce,19465,5.137426149499101,,0.0,
272769,2020-03-25,Pierce,Georgia,13229.0,1,0,229,Georgia,Pierce,19465,5.137426149499101,,0.0,
272770,2020-03-26,Pierce,Georgia,13229.0,1,0,229,Georgia,Pierce,19465,5.137426149499101,,0.0,
272771,2020-03-27,Pierce,Georgia,13229.0,1,0,229,Georgia,Pierce,19465,5.137426149499101,,0.0,
272772,2020-03-28,Pierce,Georgia,13229.0,2,0,229,Georgia,Pierce,19465,10.274852298998201,,5.137426149499101,
272773,2020-03-29,Pierce,Georgia,13229.0,2,0,229,Georgia,Pierce,19465,10.274852298998201,6.605262192213128,0.0,
272774,2020-03-30,Pierce,Georgia,13229.0,2,0,229,Georgia,Pierce,19465,10.274852298998201,7.339180213570143,0.0,0.7339180213570143
272775,2020-03-31,Pierce,Georgia,13229.0,3,0,229,Georgia,Pierce,19465,15.412278448497302,8.80701625628417,5.137426149499101,1.4678360427140287
272776,2020-04-01,Pierce,Georgia,13229.0,7,0,229,Georgia,Pierce,19465,35.96198304649371,13.210524384426256,20.549704597996403,4.403508128142087
272777,2020-04-02,Pierce,Georgia,13229.0,10,0,229,Georgia,Pierce,19465,51.37426149499101,19.815786576639386,15.412278448497304,6.6052621922131305
272778,2020-04-03,Pierce,Georgia,13229.0,16,0,229,Georgia,Pierce,19465,82.19881839198561,30.8245568969946,30.8245568969946,11.008770320355215
272779,2020-04-04,Pierce,Georgia,13229.0,16,0,229,Georgia,Pierce,19465,82.19881839198561,41.0994091959928,0.0,10.2748522989982
272780,2020-04-05,Pierce,Georgia,13229.0,16,0,229,Georgia,Pierce,19465,82.19881839198561,51.374261494990996,0.0,10.2748522989982
272781,2020-04-06,Pierce,Georgia,13229.0,23,0,229,Georgia,Pierce,19465,118.16080143847933,66.7865399434883,35.961983046493714,15.412278448497302
272782,2020-04-07,Pierce,Georgia,13229.0,32,1,229,Georgia,Pierce,19465,164.39763678397122,88.07016256284172,46.2368353454919,21.283622619353416
272783,2020-04-08,Pierce,Georgia,13229.0,39,1,229,Georgia,Pierce,19465,200.35961983046494,111.55553924626618,35.961983046493714,23.48537668342446
272784,2020-04-09,Pierce,Georgia,13229.0,40,1,229,Georgia,Pierce,19465,205.49704597996404,133.5730798869766,5.137426149499106,22.01754064071043
272785,2020-04-10,Pierce,Georgia,13229.0,43,2,229,Georgia,Pierce,19465,220.90932442846133,153.38886646361598,15.41227844849729,19.815786576639386
272786,2020-04-11,Pierce,Georgia,13229.0,45,2,229,Georgia,Pierce,19465,231.18417672745952,174.67248908296938,10.274852298998184,21.283622619353412
272787,2020-04-12,Pierce,Georgia,13229.0,45,2,229,Georgia,Pierce,19465,231.18417672745952,195.95611170232277,0.0,21.283622619353412
272788,2020-04-13,Pierce,Georgia,13229.0,45,2,229,Georgia,Pierce,19465,231.18417672745952,212.1023081721771,0.0,16.14619646985431
272789,2020-04-14,Pierce,Georgia,13229.0,47,2,229,Georgia,Pierce,19465,241.45902902645776,223.1110784925323,10.27485229899824,11.008770320355215
272790,2020-04-15,Pierce,Georgia,13229.0,48,2,229,Georgia,Pierce,19465,246.59645517595683,229.71634068474546,5.137426149499078,6.605262192213124
272791,2020-04-16,Pierce,Georgia,13229.0,49,2,229,Georgia,Pierce,19465,251.73388132545597,236.3216028769586,5.1374261494991345,6.605262192213128
272792,2020-04-17,Pierce,Georgia,13229.0,49,2,229,Georgia,Pierce,19465,251.73388132545597,240.72511100510067,0.0,4.403508128142087
272793,2020-04-18,Pierce,Georgia,13229.0,51,2,229,Georgia,Pierce,19465,262.0087336244541,245.12861913324278,10.274852298998155,4.403508128142083
272794,2020-04-19,Pierce,Georgia,13229.0,51,2,229,Georgia,Pierce,19465,262.0087336244541,249.53212726138486,0.0,4.403508128142083
272795,2020-04-20,Pierce,Georgia,13229.0,51,2,229,Georgia,Pierce,19465,262.0087336244541,253.93563538952694,0.0,4.403508128142083
272796,2020-04-21,Pierce,Georgia,13229.0,51,2,229,Georgia,Pierce,19465,262.0087336244541,256.871307474955,0.0,2.9356720854280485
272797,2020-04-22,Pierce,Georgia,13229.0,51,2,229,Georgia,Pierce,19465,262.0087336244541,259.073061539026,0.0,2.201754064071037
272798,2020-04-23,Pierce,Georgia,13229.0,51,2,229,Georgia,Pierce,19465,262.0087336244541,260.54089758174,0.0,1.467836042714018
272799,2020-04-24,Pierce,Georgia,13229.0,52,2,229,Georgia,Pierce,19465,267.14615977395323,262.742651645811,5.137426149499106,2.201754064071033
272800,2020-04-25,Pierce,Georgia,13229.0,52,2,229,Georgia,Pierce,19465,267.14615977395323,263.476569667168,0.0,0.7339180213570111
272801,2020-04-26,Pierce,Georgia,13229.0,52,2,229,Georgia,Pierce,19465,267.14615977395323,264.210487688525,0.0,0.7339180213570111
272802,2020-04-27,Pierce,Georgia,13229.0,54,2,229,Georgia,Pierce,19465,277.42101207295144,266.412241752596,10.274852298998212,2.2017540640710416
272803,2020-04-28,Pierce,Georgia,13229.0,54,3,229,Georgia,Pierce,19465,277.42101207295144,268.613995816667,0.0,2.2017540640710416
272804,2020-04-29,Pierce,Georgia,13229.0,54,3,229,Georgia,Pierce,19465,277.42101207295144,270.81574988073805,0.0,2.2017540640710416
272805,2020-04-30,Pierce,Georgia,13229.0,55,3,229,Georgia,Pierce,19465,282.55843822245055,273.7514219661661,5.137426149499106,2.9356720854280565
272806,2020-05-01,Pierce,Georgia,13229.0,55,3,229,Georgia,Pierce,19465,282.55843822245055,275.95317603023716,0.0,2.2017540640710416
272807,2020-05-02,Pierce,Georgia,13229.0,52,3,229,Georgia,Pierce,19465,267.14615977395323,275.95317603023716,-15.412278448497318,-4.0602442043434294e-15
272808,2020-05-03,Pierce,Georgia,13229.0,51,3,229,Georgia,Pierce,19465,262.0087336244541,275.2192580088801,-5.137426149499106,-0.7339180213570192
272809,2020-05-04,Pierce,Georgia,13229.0,53,3,229,Georgia,Pierce,19465,272.2835859234524,274.48533998752305,10.274852298998269,-0.7339180213570111
272810,2020-05-05,Pierce,Georgia,13229.0,57,3,229,Georgia,Pierce,19465,292.83329052144876,276.68709405159404,20.549704597996367,2.2017540640710416
272811,2020-05-06,Pierce,Georgia,13229.0,58,3,229,Georgia,Pierce,19465,297.97071667094787,279.6227661370221,5.137426149499106,2.9356720854280565
272812,2020-05-07,Pierce,Georgia,13229.0,59,3,229,Georgia,Pierce,19465,303.1081428204469,282.55843822245015,5.137426149499049,2.9356720854280485
272813,2020-05-08,Pierce,Georgia,13229.0,59,3,229,Georgia,Pierce,19465,303.1081428204469,285.4941103078782,0.0,2.9356720854280485
272814,2020-05-09,Pierce,Georgia,13229.0,65,3,229,Georgia,Pierce,19465,333.93269971744155,295.0350445855194,30.824556896994636,9.540934277641185
272815,2020-05-10,Pierce,Georgia,13229.0,67,3,229,Georgia,Pierce,19465,344.20755201643976,306.7777329272317,10.274852298998212,11.74268834171223
272816,2020-05-11,Pierce,Georgia,13229.0,67,4,229,Georgia,Pierce,19465,344.20755201643976,317.0525852262299,0.0,10.274852298998193
272817,2020-05-12,Pierce,Georgia,13229.0,68,4,229,Georgia,Pierce,19465,349.34497816593887,325.12568346115705,5.137426149499106,8.073098234927155
272818,2020-05-13,Pierce,Georgia,13229.0,69,4,229,Georgia,Pierce,19465,354.482404315438,333.1987816960842,5.137426149499106,8.073098234927155
272819,2020-05-14,Pierce,Georgia,13229.0,69,4,229,Georgia,Pierce,19465,354.482404315438,340.53796190965437,0.0,7.339180213570147
272820,2020-05-15,Pierce,Georgia,13229.0,69,4,229,Georgia,Pierce,19465,354.482404315438,347.87714212322453,0.0,7.339180213570147
272821,2020-05-16,Pierce,Georgia,13229.0,70,4,229,Georgia,Pierce,19465,359.619830464937,351.5467322300096,5.137426149499049,3.6695901067850634
272822,2020-05-17,Pierce,Georgia,13229.0,71,4,229,Georgia,Pierce,19465,364.7572566144362,354.48240431543763,5.137426149499163,2.9356720854280565
272823,2020-05-18,Pierce,Georgia,13229.0,75,4,229,Georgia,Pierce,19465,385.30696121243255,360.35374848629374,20.549704597996367,5.871344170856109
272824,2020-05-19,Pierce,Georgia,13229.0,81,4,229,Georgia,Pierce,19465,416.1315181094272,369.894682763935,30.824556896994636,9.540934277641185
272825,2020-05-20,Pierce,Georgia,13229.0,84,4,229,Georgia,Pierce,19465,431.5437965579245,380.90345308429016,15.412278448497318,11.008770320355215
272826,2020-05-21,Pierce,Georgia,13229.0,85,4,229,Georgia,Pierce,19465,436.68122270742356,392.6461414260024,5.137426149499049,11.742688341712222
272827,2020-05-22,Pierce,Georgia,13229.0,88,3,229,Georgia,Pierce,19465,452.0935011559209,406.59058383178564,15.412278448497318,13.944442405783267
272828,2020-05-23,Pierce,Georgia,13229.0,88,3,229,Georgia,Pierce,19465,452.0935011559209,419.8011082162119,0.0,13.210524384426261
272829,2020-05-24,Pierce,Georgia,13229.0,89,3,229,Georgia,Pierce,19465,457.23092730542,433.0116326006381,5.137426149499106,13.210524384426252
272830,2020-05-25,Pierce,Georgia,13229.0,90,3,229,Georgia,Pierce,19465,462.36835345491903,444.02040292099326,5.137426149499049,11.008770320355207
272831,2020-05-26,Pierce,Georgia,13229.0,91,3,229,Georgia,Pierce,19465,467.5057796044182,451.3595831345634,5.137426149499163,7.339180213570139
272832,2020-05-27,Pierce,Georgia,13229.0,92,3,229,Georgia,Pierce,19465,472.6432057539173,457.2309273054196,5.137426149499106,5.871344170856109
272833,2020-05-28,Pierce,Georgia,13229.0,97,3,229,Georgia,Pierce,19465,498.3303365014128,466.0379435617037,25.687130747495473,8.80701625628417
272834,2020-05-29,Pierce,Georgia,13229.0,98,3,229,Georgia,Pierce,19465,503.46776265091194,473.37712377527384,5.137426149499163,7.339180213570147
272835,2020-05-30,Pierce,Georgia,13229.0,99,3,229,Georgia,Pierce,19465,508.605188800411,481.45022201020095,5.137426149499049,8.073098234927155
272836,2020-05-31,Pierce,Georgia,13229.0,100,3,229,Georgia,Pierce,19465,513.7426149499101,489.52332024512816,5.137426149499163,8.073098234927162
272837,2020-06-01,Pierce,Georgia,13229.0,99,3,229,Georgia,Pierce,19465,508.605188800411,496.12858243734127,-5.137426149499163,6.605262192213132
272838,2020-06-02,Pierce,Georgia,13229.0,100,3,229,Georgia,Pierce,19465,513.7426149499101,502.73384462955437,5.137426149499163,6.605262192213132
272839,2020-06-03,Pierce,Georgia,13229.0,105,3,229,Georgia,Pierce,19465,539.4297456974056,512.2747789071956,25.687130747495416,9.540934277641176
272840,2020-06-04,Pierce,Georgia,13229.0,109,4,229,Georgia,Pierce,19465,559.979450295402,521.0817951634798,20.549704597996424,8.80701625628417
272841,2020-06-05,Pierce,Georgia,13229.0,114,4,229,Georgia,Pierce,19465,585.6665810428975,532.824483505192,25.68713074749553,11.742688341712222
272842,2020-06-06,Pierce,Georgia,13229.0,116,4,229,Georgia,Pierce,19465,595.9414333418957,545.3010898682612,10.274852298998212,12.476606363069246
272843,2020-06-07,Pierce,Georgia,13229.0,117,4,229,Georgia,Pierce,19465,601.0788594913948,557.7776962313305,5.137426149499106,12.476606363069237
272844,2020-06-08,Pierce,Georgia,13229.0,119,4,229,Georgia,Pierce,19465,611.353711790393,572.4560566584709,10.274852298998212,14.67836042714029
272845,2020-06-09,Pierce,Georgia,13229.0,121,4,229,Georgia,Pierce,19465,621.6285640893911,587.8683351069683,10.274852298998098,15.41227844849728
272846,2020-06-10,Pierce,Georgia,13229.0,122,4,229,Georgia,Pierce,19465,626.7659902388904,600.3449414700375,5.13742614949922,12.476606363069253
272847,2020-06-11,Pierce,Georgia,13229.0,125,4,229,Georgia,Pierce,19465,642.1782686873877,612.0876298117498,15.412278448497318,11.742688341712238
272848,2020-06-12,Pierce,Georgia,13229.0,126,4,229,Georgia,Pierce,19465,647.3156948368867,620.8946460680339,5.137426149498992,8.807016256284161
272849,2020-06-13,Pierce,Georgia,13229.0,128,4,229,Georgia,Pierce,19465,657.5905471358849,629.7016623243181,10.274852298998212,8.807016256284161
272850,2020-06-14,Pierce,Georgia,13229.0,128,4,229,Georgia,Pierce,19465,657.5905471358849,637.7747605592452,0.0,8.073098234927146
272851,2020-06-15,Pierce,Georgia,13229.0,131,4,229,Georgia,Pierce,19465,673.0028255843822,646.5817768155293,15.412278448497318,8.807016256284161
272852,2020-06-16,Pierce,Georgia,13229.0,132,4,229,Georgia,Pierce,19465,678.1402517338813,654.6548750504564,5.137426149499106,8.073098234927162
272853,2020-06-17,Pierce,Georgia,13229.0,132,4,229,Georgia,Pierce,19465,678.1402517338813,661.9940552640265,0.0,7.339180213570131
272854,2020-06-18,Pierce,Georgia,13229.0,132,4,229,Georgia,Pierce,19465,678.1402517338813,667.1314814135256,0.0,5.137426149499086
272855,2020-06-19,Pierce,Georgia,13229.0,134,4,229,Georgia,Pierce,19465,688.4151040328795,673.0028255843818,10.274852298998212,5.871344170856117
272856,2020-06-20,Pierce,Georgia,13229.0,135,4,229,Georgia,Pierce,19465,693.5525301823786,678.140251733881,5.137426149499106,5.137426149499102
272857,2020-06-21,Pierce,Georgia,13229.0,137,4,229,Georgia,Pierce,19465,703.8273824813768,684.7455139260941,10.274852298998212,6.605262192213132
272858,2020-06-22,Pierce,Georgia,13229.0,140,4,229,Georgia,Pierce,19465,719.239660929874,691.3507761183072,15.412278448497204,6.605262192213116
272859,2020-06-23,Pierce,Georgia,13229.0,143,4,229,Georgia,Pierce,19465,734.6519393783714,699.4238743532343,15.412278448497318,8.073098234927146
272860,2020-06-24,Pierce,Georgia,13229.0,148,4,229,Georgia,Pierce,19465,760.3390701258669,711.1665626949465,25.68713074749553,11.742688341712222
272861,2020-06-25,Pierce,Georgia,13229.0,155,4,229,Georgia,Pierce,19465,796.3010531723605,728.0466771861578,35.96198304649363,16.880114491211312
272862,2020-06-26,Pierce,Georgia,13229.0,156,4,229,Georgia,Pierce,19465,801.4384793218597,744.1928736560121,5.13742614949922,16.146196469854313
272863,2020-06-27,Pierce,Georgia,13229.0,158,4,229,Georgia,Pierce,19465,811.7133316208578,761.0729881472234,10.274852298998098,16.880114491211312
272864,2020-06-28,Pierce,Georgia,13229.0,161,4,229,Georgia,Pierce,19465,827.1256100693552,778.6870206597918,15.412278448497318,17.614032512568325
272865,2020-06-29,Pierce,Georgia,13229.0,162,4,229,Georgia,Pierce,19465,832.2630362188544,794.8332171296462,5.13742614949922,16.146196469854328
272866,2020-06-30,Pierce,Georgia,13229.0,170,4,229,Georgia,Pierce,19465,873.3624454148471,814.6490037062857,41.099409195992735,19.81578657663939
272867,2020-07-01,Pierce,Georgia,13229.0,174,5,229,Georgia,Pierce,19465,893.9121500128437,833.7308722615682,20.549704597996538,19.08186855528239
272868,2020-07-02,Pierce,Georgia,13229.0,181,5,229,Georgia,Pierce,19465,929.8741330593373,852.8127408168506,35.96198304649363,19.08186855528239
272869,2020-07-03,Pierce,Georgia,13229.0,187,5,229,Georgia,Pierce,19465,960.6986899563319,875.5641994789181,30.824556896994636,22.75145866206745
272870,2020-07-04,Pierce,Georgia,13229.0,196,5,229,Georgia,Pierce,19465,1006.9355253018239,903.4530842904848,46.236835345491954,27.888884811566573
272871,2020-07-05,Pierce,Georgia,13229.0,199,5,229,Georgia,Pierce,19465,1022.3478037503212,931.3419691020512,15.412278448497318,27.888884811566573
272872,2020-07-06,Pierce,Georgia,13229.0,211,5,229,Georgia,Pierce,19465,1083.9969175443102,967.3039521485449,61.649113793989045,35.96198304649369
272873,2020-07-07,Pierce,Georgia,13229.0,217,5,229,Georgia,Pierce,19465,1114.8214744413049,1001.7980991523247,30.824556896994636,34.49414700377968
272874,2020-07-08,Pierce,Georgia,13229.0,223,5,229,Georgia,Pierce,19465,1145.6460313382995,1037.7600821988183,30.824556896994636,35.96198304649369
272875,2020-07-09,Pierce,Georgia,13229.0,230,5,229,Georgia,Pierce,19465,1181.6080143847933,1073.722065245312,35.96198304649374,35.96198304649371
272876,2020-07-10,Pierce,Georgia,13229.0,238,5,229,Georgia,Pierce,19465,1222.707423580786,1111.1518843345198,41.09940919599285,37.42981908920774
272877,2020-07-11,Pierce,Georgia,13229.0,250,5,229,Georgia,Pierce,19465,1284.3565373747754,1150.7834574877986,61.64911379398927,39.63157315327879
272878,2020-07-12,Pierce,Georgia,13229.0,256,5,229,Georgia,Pierce,19465,1315.1810942717698,1192.6167847051486,30.82455689699441,41.8333272173498
272879,2020-07-13,Pierce,Georgia,13229.0,264,5,229,Georgia,Pierce,19465,1356.2805034677626,1231.51443983707,41.09940919599285,38.89765513192177
272880,2020-07-14,Pierce,Georgia,13229.0,269,5,229,Georgia,Pierce,19465,1381.9676342152582,1269.6781769476347,25.68713074749553,38.16373711056475
272881,2020-07-15,Pierce,Georgia,13229.0,278,5,229,Georgia,Pierce,19465,1428.20446956075,1310.0436681222704,46.236835345491954,40.3654911746358
272882,2020-07-16,Pierce,Georgia,13229.0,291,5,229,Georgia,Pierce,19465,1494.9910095042385,1354.8126674250482,66.78653994348838,44.76899930277789
272883,2020-07-17,Pierce,Georgia,13229.0,298,5,229,Georgia,Pierce,19465,1530.952992550732,1398.8477487064688,35.961983046493515,44.035081281420844
272884,2020-07-18,Pierce,Georgia,13229.0,309,5,229,Georgia,Pierce,19465,1587.4646801952222,1442.1489119665328,56.511687644490166,43.30116326006383
272885,2020-07-19,Pierce,Georgia,13229.0,312,5,229,Georgia,Pierce,19465,1602.8769586437195,1483.2483211625256,15.412278448497318,41.09940919599281
272886,2020-07-20,Pierce,Georgia,13229.0,314,5,229,Georgia,Pierce,19465,1613.1518109427177,1519.9442222303765,10.274852298998212,36.69590106785073
272887,2020-07-21,Pierce,Georgia,13229.0,322,5,229,Georgia,Pierce,19465,1654.2512201387103,1558.8418773622982,41.09940919599262,38.89765513192174
272888,2020-07-22,Pierce,Georgia,13229.0,324,5,229,Georgia,Pierce,19465,1664.5260724377088,1592.6021063447208,10.27485229899844,33.76022898242267
272889,2020-07-23,Pierce,Georgia,13229.0,337,5,229,Georgia,Pierce,19465,1731.312612381197,1626.3623353271435,66.78653994348815,33.76022898242263
272890,2020-07-24,Pierce,Georgia,13229.0,342,5,229,Georgia,Pierce,19465,1756.9997431286927,1658.654728266852,25.687130747495758,32.29239293970867
272891,2020-07-25,Pierce,Georgia,13229.0,347,5,229,Georgia,Pierce,19465,1782.686873876188,1686.5436130784185,25.687130747495303,27.888884811566545
272892,2020-07-26,Pierce,Georgia,13229.0,353,5,229,Georgia,Pierce,19465,1813.5114307731826,1716.634251954056,30.824556896994636,30.090638875637588
272893,2020-07-27,Pierce,Georgia,13229.0,363,5,229,Georgia,Pierce,19465,1864.8856922681734,1752.5962350005498,51.37426149499083,35.96198304649368
272894,2020-07-28,Pierce,Georgia,13229.0,367,5,229,Georgia,Pierce,19465,1885.43539686617,1785.6225459616155,20.54970459799665,33.02631096106568
272895,2020-07-29,Pierce,Georgia,13229.0,364,5,229,Georgia,Pierce,19465,1870.0231184176728,1814.979266815896,-15.412278448497318,29.356720854280574
272896,2020-07-30,Pierce,Georgia,13229.0,370,6,229,Georgia,Pierce,19465,1900.8476753146674,1839.1985615206777,30.824556896994636,24.2192947047815
272897,2020-07-31,Pierce,Georgia,13229.0,373,6,229,Georgia,Pierce,19465,1916.2599537631647,1861.9500201827452,15.412278448497318,22.75145866206744
272898,2020-08-01,Pierce,Georgia,13229.0,376,6,229,Georgia,Pierce,19465,1931.672232211662,1883.2336428020988,15.412278448497318,21.28362261935344
272899,2020-08-02,Pierce,Georgia,13229.0,378,6,229,Georgia,Pierce,19465,1941.94708451066,1901.5815933360243,10.274852298997985,18.347950533925346
272900,2020-08-03,Pierce,Georgia,13229.0,380,6,229,Georgia,Pierce,19465,1952.2219368096585,1914.0581996990934,10.27485229899844,12.47660636306929
272901,2020-08-04,Pierce,Georgia,13229.0,382,6,229,Georgia,Pierce,19465,1962.4967891086567,1925.0669700194485,10.274852298998212,11.008770320355227
272902,2020-08-05,Pierce,Georgia,13229.0,386,6,229,Georgia,Pierce,19465,1983.046493706653,1941.2131664893027,20.549704597996424,16.146196469854335
272903,2020-08-06,Pierce,Georgia,13229.0,387,6,229,Georgia,Pierce,19465,1988.183919856152,1953.689772852372,5.137426149498879,12.476606363069225
272904,2020-08-07,Pierce,Georgia,13229.0,392,7,229,Georgia,Pierce,19465,2013.8710506036477,1967.634215258155,25.687130747495758,13.944442405783288
272905,2020-08-08,Pierce,Georgia,13229.0,398,8,229,Georgia,Pierce,19465,2044.6956075006424,1983.7804117280095,30.824556896994636,16.146196469854335
272906,2020-08-09,Pierce,Georgia,13229.0,400,8,229,Georgia,Pierce,19465,2054.9704597996406,1999.9266081978637,10.274852298998212,16.146196469854367
272907,2020-08-10,Pierce,Georgia,13229.0,410,8,229,Georgia,Pierce,19465,2106.344721294631,2021.9441488385742,51.374261494990606,22.01754064071039
272908,2020-08-11,Pierce,Georgia,13229.0,413,9,229,Georgia,Pierce,19465,2121.7569997431287,2044.6956075006417,15.412278448497545,22.75145866206744
272909,2020-08-12,Pierce,Georgia,13229.0,420,9,229,Georgia,Pierce,19465,2157.7189827896223,2069.64882022678,35.961983046493515,24.95321272613845
272910,2020-08-13,Pierce,Georgia,13229.0,429,9,229,Georgia,Pierce,19465,2203.9558181351144,2100.4733771237748,46.23683534549218,30.824556896994636
272911,2020-08-14,Pierce,Georgia,13229.0,434,9,229,Georgia,Pierce,19465,2229.6429488826097,2131.297934020769,25.687130747495303,30.824556896994572
272912,2020-08-15,Pierce,Georgia,13229.0,439,9,229,Georgia,Pierce,19465,2255.3300796301055,2161.3885728964065,25.687130747495758,30.090638875637588
272913,2020-08-16,Pierce,Georgia,13229.0,442,9,229,Georgia,Pierce,19465,2270.7423580786026,2192.213129793401,15.41227844849709,30.824556896994572
272914,2020-08-17,Pierce,Georgia,13229.0,466,9,229,Georgia,Pierce,19465,2394.040585666581,2233.312538989394,123.29822758797854,41.09940919599285
272915,2020-08-18,Pierce,Georgia,13229.0,469,9,229,Georgia,Pierce,19465,2409.4528641150782,2274.411948185387,15.41227844849709,41.099409195992784
272916,2020-08-19,Pierce,Georgia,13229.0,469,10,229,Georgia,Pierce,19465,2409.4528641150782,2310.3739312318803,0.0,35.96198304649371
272917,2020-08-20,Pierce,Georgia,13229.0,478,10,229,Georgia,Pierce,19465,2455.68969946057,2346.3359142783743,46.23683534549173,35.96198304649364
272918,2020-08-21,Pierce,Georgia,13229.0,482,10,229,Georgia,Pierce,19465,2476.239404058567,2381.563979303511,20.54970459799688,35.22806502513673
272919,2020-08-22,Pierce,Georgia,13229.0,490,10,229,Georgia,Pierce,19465,2517.338813254559,2418.993798392719,41.09940919599239,37.429819089207676
272920,2020-08-23,Pierce,Georgia,13229.0,492,10,229,Georgia,Pierce,19465,2527.613665553558,2455.68969946057,10.274852298998667,36.695901067850755
272921,2020-08-24,Pierce,Georgia,13229.0,495,10,229,Georgia,Pierce,19465,2543.025944002055,2476.9733220799235,15.41227844849709,21.283622619353405
272922,2020-08-25,Pierce,Georgia,13229.0,499,11,229,Georgia,Pierce,19465,2563.5756486000514,2498.9908627206337,20.549704597996424,22.017540640710454
272923,2020-08-26,Pierce,Georgia,13229.0,502,11,229,Georgia,Pierce,19465,2578.9879270485485,2523.2101574254148,15.41227844849709,24.21929470478147
272924,2020-08-27,Pierce,Georgia,13229.0,507,12,229,Georgia,Pierce,19465,2604.6750577960443,2544.4937800447683,25.687130747495758,21.283622619353473
272925,2020-08-28,Pierce,Georgia,13229.0,510,12,229,Georgia,Pierce,19465,2620.0873362445413,2565.0434846427643,15.41227844849709,20.54970459799636
272926,2020-08-29,Pierce,Georgia,13229.0,513,12,229,Georgia,Pierce,19465,2635.4996146930384,2581.923599133976,15.41227844849709,16.880114491211316
272927,2020-08-30,Pierce,Georgia,13229.0,518,12,229,Georgia,Pierce,19465,2661.186745440534,2601.005467689258,25.687130747495758,19.08186855528233
272928,2020-08-31,Pierce,Georgia,13229.0,519,12,229,Georgia,Pierce,19465,2666.324171590033,2618.6195002018258,5.137426149498879,17.614032512568297
272929,2020-09-01,Pierce,Georgia,13229.0,520,13,229,Georgia,Pierce,19465,2671.4615977395324,2634.0317786503233,5.137426149499333,15.412278448497286
272930,2020-09-02,Pierce,Georgia,13229.0,523,13,229,Georgia,Pierce,19465,2686.87387618803,2649.4440570988213,15.412278448497545,15.41227844849735
272931,2020-09-03,Pierce,Georgia,13229.0,530,13,229,Georgia,Pierce,19465,2722.8358592345235,2666.3241715900326,35.961983046493515,16.880114491211316
272932,2020-09-04,Pierce,Georgia,13229.0,532,14,229,Georgia,Pierce,19465,2733.1107115335217,2682.470368059887,10.274852298998212,16.146196469854335
272933,2020-09-05,Pierce,Georgia,13229.0,537,14,229,Georgia,Pierce,19465,2758.797842281017,2700.084400572455,25.687130747495303,17.614032512568365
272934,2020-09-06,Pierce,Georgia,13229.0,538,14,229,Georgia,Pierce,19465,2763.9352684305163,2714.7627609995952,5.137426149499333,14.678360427140303
272935,2020-09-07,Pierce,Georgia,13229.0,539,14,229,Georgia,Pierce,19465,2769.0726945800156,2729.4411214267357,5.137426149499333,14.678360427140367
272936,2020-09-08,Pierce,Georgia,13229.0,540,14,229,Georgia,Pierce,19465,2774.2101207295145,2744.119481853876,5.137426149498879,14.678360427140303
272937,2020-09-09,Pierce,Georgia,13229.0,543,14,229,Georgia,Pierce,19465,2789.6223991780116,2758.797842281016,15.41227844849709,14.678360427140237
272938,2020-09-10,Pierce,Georgia,13229.0,544,14,229,Georgia,Pierce,19465,2794.759825327511,2769.072694580014,5.137426149499333,10.274852298998212
272939,2020-09-11,Pierce,Georgia,13229.0,552,14,229,Georgia,Pierce,19465,2835.859234523504,2783.7510550071543,41.09940919599285,14.678360427140303
272940,2020-09-12,Pierce,Georgia,13229.0,559,15,229,Georgia,Pierce,19465,2871.8212175699973,2799.8972514770094,35.961983046493515,16.146196469854335
272941,2020-09-13,Pierce,Georgia,13229.0,563,15,229,Georgia,Pierce,19465,2892.3709221679937,2818.2452020109345,20.549704597996424,18.347950533925346
272942,2020-09-14,Pierce,Georgia,13229.0,565,15,229,Georgia,Pierce,19465,2902.645774466992,2837.327070566217,10.274852298998212,19.08186855528233
272943,2020-09-15,Pierce,Georgia,13229.0,576,15,229,Georgia,Pierce,19465,2959.1574621114823,2863.7481193350695,56.511687644490394,26.421048768852547
272944,2020-09-16,Pierce,Georgia,13229.0,581,16,229,Georgia,Pierce,19465,2984.8445928589776,2891.637004146636,25.687130747495303,27.888884811566577
272945,2020-09-17,Pierce,Georgia,13229.0,585,16,229,Georgia,Pierce,19465,3005.394297456974,2921.7276430222737,20.549704597996424,30.090638875637588
272946,2020-09-18,Pierce,Georgia,13229.0,587,17,229,Georgia,Pierce,19465,3015.6691497559723,2947.414773769769,10.274852298998212,25.687130747495498
272947,2020-09-19,Pierce,Georgia,13229.0,589,17,229,Georgia,Pierce,19465,3025.9440020549705,2969.432314410479,10.274852298998212,22.017540640710454
272948,2020-09-20,Pierce,Georgia,13229.0,591,17,229,Georgia,Pierce,19465,3036.2188543539687,2989.9820190084756,10.274852298998212,20.549704597996424
272949,2020-09-21,Pierce,Georgia,13229.0,591,17,229,Georgia,Pierce,19465,3036.2188543539687,3009.0638875637583,0.0,19.081868555282394
272950,2020-09-22,Pierce,Georgia,13229.0,594,17,229,Georgia,Pierce,19465,3051.6311328024663,3022.2744119481845,15.412278448497545,13.210524384426273
272951,2020-09-23,Pierce,Georgia,13229.0,595,17,229,Georgia,Pierce,19465,3056.768558951965,3032.5492642471827,5.137426149498879,10.274852298998212
272952,2020-09-24,Pierce,Georgia,13229.0,604,19,229,Georgia,Pierce,19465,3103.005394297457,3046.493706652966,46.23683534549173,13.944442405783255
272953,2020-09-25,Pierce,Georgia,13229.0,602,20,229,Georgia,Pierce,19465,3092.7305419984586,3057.502476973321,-10.274852298998212,11.008770320355195
272954,2020-09-26,Pierce,Georgia,13229.0,603,20,229,Georgia,Pierce,19465,3097.867968147958,3067.777329272319,5.137426149499333,10.274852298998212
272955,2020-09-27,Pierce,Georgia,13229.0,606,20,229,Georgia,Pierce,19465,3113.280246596455,3078.786099592675,15.41227844849709,11.008770320355195
272956,2020-09-28,Pierce,Georgia,13229.0,607,20,229,Georgia,Pierce,19465,3118.417672745954,3090.5287879343864,5.137426149498879,11.742688341712178
272957,2020-09-29,Pierce,Georgia,13229.0,611,20,229,Georgia,Pierce,19465,3138.967377343951,3103.0053942974555,20.54970459799688,12.476606363069225
272958,2020-09-30,Pierce,Georgia,13229.0,612,20,229,Georgia,Pierce,19465,3144.1048034934497,3115.482000660525,5.137426149498879,12.476606363069225
272959,2020-10-01,Pierce,Georgia,13229.0,614,20,229,Georgia,Pierce,19465,3154.3796557924475,3122.8211808740953,10.274852298997757,7.339180213570087
272960,2020-10-02,Pierce,Georgia,13229.0,618,22,229,Georgia,Pierce,19465,3174.9293603904443,3134.5638692158072,20.54970459799688,11.742688341712242
272961,2020-10-03,Pierce,Georgia,13229.0,620,22,229,Georgia,Pierce,19465,3185.204212689442,3147.0404755788763,10.274852298997757,12.47660636306916
272962,2020-10-04,Pierce,Georgia,13229.0,621,22,229,Georgia,Pierce,19465,3190.3416388389414,3158.049245899231,5.137426149499333,11.008770320355195
272963,2020-10-05,Pierce,Georgia,13229.0,929,22,229,Georgia,Pierce,19465,4772.668892884665,3394.37084877619,1582.3272540457237,236.32160287695874
272964,2020-10-06,Pierce,Georgia,13229.0,930,22,229,Georgia,Pierce,19465,4777.8063190341645,3628.4906975890776,5.137426149499333,234.11984881288768
272965,2020-10-07,Pierce,Georgia,13229.0,931,22,229,Georgia,Pierce,19465,4782.943745183663,3862.610546401965,5.137426149498424,234.1198488128876
272966,2020-10-08,Pierce,Georgia,13229.0,933,22,229,Georgia,Pierce,19465,4793.218597482661,4096.730395214853,10.274852298997757,234.1198488128876
272967,2020-10-09,Pierce,Georgia,13229.0,935,22,229,Georgia,Pierce,19465,4803.493449781659,4329.3824079850265,10.274852298998667,232.65201277017357
272968,2020-10-10,Pierce,Georgia,13229.0,937,22,229,Georgia,Pierce,19465,4813.768302080658,4562.034420755201,10.274852298998667,232.6520127701737
272969,2020-10-11,Pierce,Georgia,13229.0,939,23,229,Georgia,Pierce,19465,4824.043154379656,4795.420351546732,10.274852298997757,233.38593079153063
272970,2020-10-12,Pierce,Georgia,13229.0,944,23,229,Georgia,Pierce,19465,4849.730285127151,4806.429121867087,25.687130747494848,11.008770320355065
272971,2020-10-13,Pierce,Georgia,13229.0,946,23,229,Georgia,Pierce,19465,4860.005137426149,4818.171810208799,10.274852298998667,11.742688341712112
272972,2020-10-14,Pierce,Georgia,13229.0,947,23,229,Georgia,Pierce,19465,4865.142563575649,4829.914498550511,5.137426149499333,11.742688341712242
272973,2020-10-15,Pierce,Georgia,13229.0,950,23,229,Georgia,Pierce,19465,4880.554842024146,4842.39110491358,15.41227844849709,12.47660636306929
272974,2020-10-16,Pierce,Georgia,13229.0,952,24,229,Georgia,Pierce,19465,4890.829694323144,4854.867711276651,10.274852298998667,12.47660636306929
272975,2020-10-17,Pierce,Georgia,13229.0,954,24,229,Georgia,Pierce,19465,4901.104546622142,4867.3443176397195,10.274852298997757,12.47660636306916
272976,2020-10-18,Pierce,Georgia,13229.0,959,24,229,Georgia,Pierce,19465,4926.791677369638,4882.02267806686,25.687130747495758,14.678360427140303
272977,2020-10-19,Pierce,Georgia,13229.0,976,24,229,Georgia,Pierce,19465,5014.127921911123,4905.508054750285,87.33624454148503,23.485376683424615
272978,2020-10-20,Pierce,Georgia,13229.0,977,24,229,Georgia,Pierce,19465,5019.265348060622,4928.259513412353,5.137426149499333,22.751458662067567
272979,2020-10-21,Pierce,Georgia,13229.0,980,24,229,Georgia,Pierce,19465,5034.677626509118,4952.478808117135,15.412278448496181,24.2192947047814
272980,2020-10-22,Pierce,Georgia,13229.0,984,24,229,Georgia,Pierce,19465,5055.227331107116,4977.432020843274,20.549704597997334,24.95321272613858
272981,2020-10-23,Pierce,Georgia,13229.0,990,24,229,Georgia,Pierce,19465,5086.05188800411,5005.320905654839,30.82455689699418,27.88888481156651
272982,2020-10-24,Pierce,Georgia,13229.0,996,24,229,Georgia,Pierce,19465,5116.876444901104,5036.145462551835,30.82455689699418,30.824556896994572
272983,2020-10-25,Pierce,Georgia,13229.0,1003,24,229,Georgia,Pierce,19465,5152.838427947598,5068.437855491544,35.961983046493515,32.292392939708535
272984,2020-10-26,Pierce,Georgia,13229.0,1051,24,229,Georgia,Pierce,19465,5399.434883123555,5123.4817070933195,246.5964551759571,55.04385160177598
272985,2020-10-27,Pierce,Georgia,13229.0,1053,24,229,Georgia,Pierce,19465,5409.709735422553,5179.259476716453,10.274852298998667,55.77776962313302
272986,2020-10-28,Pierce,Georgia,13229.0,1054,24,229,Georgia,Pierce,19465,5414.847161572053,5233.569410296872,5.137426149499333,54.309933580419184
272987,2020-10-29,Pierce,Georgia,13229.0,1056,24,229,Georgia,Pierce,19465,5425.1220138710505,5286.411507834577,10.274852298997757,52.84209753770496
272988,2020-10-30,Pierce,Georgia,13229.0,1060,24,229,Georgia,Pierce,19465,5445.671718469047,5337.785769329567,20.549704597996424,51.374261494990996
272989,2020-10-31,Pierce,Georgia,13229.0,1062,24,229,Georgia,Pierce,19465,5455.946570768045,5386.2243587391295,10.274852298997757,48.43858940956294
272990,2020-11-01,Pierce,Georgia,13229.0,1062,24,229,Georgia,Pierce,19465,5455.946570768045,5429.525521999194,0.0,43.30116326006386
272991,2020-11-02,Pierce,Georgia,13229.0,1117,24,229,Georgia,Pierce,19465,5738.505008990496,5477.964111408757,282.5584382224515,48.438589409563065
272992,2020-11-03,Pierce,Georgia,13229.0,1119,24,229,Georgia,Pierce,19465,5748.779861289494,5526.402700818319,10.274852298997757,48.43858940956294
272993,2020-11-04,Pierce,Georgia,13229.0,1130,26,229,Georgia,Pierce,19465,5805.291548933984,5582.180470441453,56.51168764448994,55.77776962313302
272994,2020-11-05,Pierce,Georgia,13229.0,1135,26,229,Georgia,Pierce,19465,5830.97867968148,5640.159994128657,25.687130747495758,57.979523687204164
272995,2020-11-06,Pierce,Georgia,13229.0,1138,27,229,Georgia,Pierce,19465,5846.390958129977,5697.405599794503,15.41227844849709,57.245605665847116
272996,2020-11-07,Pierce,Georgia,13229.0,1144,27,229,Georgia,Pierce,19465,5877.215515026971,5757.586877545778,30.82455689699418,60.181277751275175
272997,2020-11-08,Pierce,Georgia,13229.0,1146,27,229,Georgia,Pierce,19465,5887.49036732597,5819.235991339768,10.274852298998667,61.64911379398927
272998,2020-11-09,Pierce,Georgia,13229.0,1149,27,229,Georgia,Pierce,19465,5902.902645774467,5842.721368023193,15.41227844849709,23.485376683424356
272999,2020-11-10,Pierce,Georgia,13229.0,1152,27,229,Georgia,Pierce,19465,5918.314924222965,5866.940662727974,15.412278448498,24.219294704781532
273000,2020-11-11,Pierce,Georgia,13229.0,1156,28,229,Georgia,Pierce,19465,5938.86462882096,5886.022531283255,20.549704597995515,19.08186855528233
