,date,county,state,fips,cases,deaths,COUNTY,STNAME,CTYNAME,POPESTIMATE2019,cases_per_100k,deaths_per_100k,death_rate,new_cases,new_cases_per_100k,new_deaths,new_cases_per_100k_ra,new_deaths_ra,active_cases,infected_to_one
360638,2020-03-23,Morris,Texas,48343.0,1,0.0,343,Texas,Morris,12388,8.072328059412333,0.0,0.0,,,,,,,
360639,2020-03-24,Morris,Texas,48343.0,1,0.0,343,Texas,Morris,12388,8.072328059412333,0.0,0.0,0.0,0.0,0.0,,,,
360640,2020-03-25,Morris,Texas,48343.0,1,0.0,343,Texas,Morris,12388,8.072328059412333,0.0,0.0,0.0,0.0,0.0,,,,
360641,2020-03-26,Morris,Texas,48343.0,1,0.0,343,Texas,Morris,12388,8.072328059412333,0.0,0.0,0.0,0.0,0.0,,,,
360642,2020-03-27,Morris,Texas,48343.0,1,0.0,343,Texas,Morris,12388,8.072328059412333,0.0,0.0,0.0,0.0,0.0,,,,
360643,2020-03-28,Morris,Texas,48343.0,1,0.0,343,Texas,Morris,12388,8.072328059412333,0.0,0.0,0.0,0.0,0.0,,,,
360644,2020-03-29,Morris,Texas,48343.0,1,0.0,343,Texas,Morris,12388,8.072328059412333,0.0,0.0,0.0,0.0,0.0,,,,
360645,2020-03-30,Morris,Texas,48343.0,1,0.0,343,Texas,Morris,12388,8.072328059412333,0.0,0.0,0.0,0.0,0.0,0.0,0.0,,
360646,2020-03-31,Morris,Texas,48343.0,1,0.0,343,Texas,Morris,12388,8.072328059412333,0.0,0.0,0.0,0.0,0.0,0.0,0.0,0.0,inf
360647,2020-04-01,Morris,Texas,48343.0,1,0.0,343,Texas,Morris,12388,8.072328059412333,0.0,0.0,0.0,0.0,0.0,0.0,0.0,0.0,inf
360648,2020-04-02,Morris,Texas,48343.0,1,0.0,343,Texas,Morris,12388,8.072328059412333,0.0,0.0,0.0,0.0,0.0,0.0,0.0,0.0,inf
360649,2020-04-03,Morris,Texas,48343.0,1,0.0,343,Texas,Morris,12388,8.072328059412333,0.0,0.0,0.0,0.0,0.0,0.0,0.0,0.0,inf
360650,2020-04-04,Morris,Texas,48343.0,1,0.0,343,Texas,Morris,12388,8.072328059412333,0.0,0.0,0.0,0.0,0.0,0.0,0.0,0.0,inf
360651,2020-04-05,Morris,Texas,48343.0,1,0.0,343,Texas,Morris,12388,8.072328059412333,0.0,0.0,0.0,0.0,0.0,0.0,0.0,0.0,inf
360652,2020-04-06,Morris,Texas,48343.0,1,0.0,343,Texas,Morris,12388,8.072328059412333,0.0,0.0,0.0,0.0,0.0,0.0,0.0,0.0,inf
360653,2020-04-07,Morris,Texas,48343.0,1,0.0,343,Texas,Morris,12388,8.072328059412333,0.0,0.0,0.0,0.0,0.0,0.0,0.0,0.0,inf
360654,2020-04-08,Morris,Texas,48343.0,1,0.0,343,Texas,Morris,12388,8.072328059412333,0.0,0.0,0.0,0.0,0.0,0.0,0.0,0.0,inf
360655,2020-04-09,Morris,Texas,48343.0,2,0.0,343,Texas,Morris,12388,16.144656118824667,0.0,0.0,1.0,8.072328059412333,0.0,1.1531897227731904,0.0,1.0,3097.0
360656,2020-04-10,Morris,Texas,48343.0,3,0.0,343,Texas,Morris,12388,24.216984178237002,0.0,0.0,1.0,8.072328059412335,0.0,2.3063794455463813,0.0,2.0,1548.5
360657,2020-04-11,Morris,Texas,48343.0,3,0.0,343,Texas,Morris,12388,24.216984178237002,0.0,0.0,0.0,0.0,0.0,2.3063794455463813,0.0,2.0,1548.5
360658,2020-04-12,Morris,Texas,48343.0,3,0.0,343,Texas,Morris,12388,24.216984178237002,0.0,0.0,0.0,0.0,0.0,2.3063794455463813,0.0,2.0,1548.5
360659,2020-04-13,Morris,Texas,48343.0,3,0.0,343,Texas,Morris,12388,24.216984178237002,0.0,0.0,0.0,0.0,0.0,2.3063794455463813,0.0,2.0,1548.5
360660,2020-04-14,Morris,Texas,48343.0,3,0.0,343,Texas,Morris,12388,24.216984178237002,0.0,0.0,0.0,0.0,0.0,2.3063794455463813,0.0,2.0,1548.5
360661,2020-04-15,Morris,Texas,48343.0,3,0.0,343,Texas,Morris,12388,24.216984178237002,0.0,0.0,0.0,0.0,0.0,2.3063794455463813,0.0,2.0,1548.5
360662,2020-04-16,Morris,Texas,48343.0,3,0.0,343,Texas,Morris,12388,24.216984178237002,0.0,0.0,0.0,0.0,0.0,1.153189722773191,0.0,2.0,1548.5
360663,2020-04-17,Morris,Texas,48343.0,4,0.0,343,Texas,Morris,12388,32.289312237649334,0.0,0.0,1.0,8.072328059412332,0.0,1.1531897227731907,0.0,2.0,1548.5
360664,2020-04-18,Morris,Texas,48343.0,4,0.0,343,Texas,Morris,12388,32.289312237649334,0.0,0.0,0.0,0.0,0.0,1.1531897227731907,0.0,1.0,3097.0
360665,2020-04-19,Morris,Texas,48343.0,5,0.0,343,Texas,Morris,12388,40.36164029706167,0.0,0.0,1.0,8.072328059412335,0.0,2.3063794455463813,0.0,2.0,1548.5
360666,2020-04-20,Morris,Texas,48343.0,5,0.0,343,Texas,Morris,12388,40.36164029706167,0.0,0.0,0.0,0.0,0.0,2.3063794455463813,0.0,2.0,1548.5
360667,2020-04-21,Morris,Texas,48343.0,5,0.0,343,Texas,Morris,12388,40.36164029706167,0.0,0.0,0.0,0.0,0.0,2.3063794455463813,0.0,2.0,1548.5
360668,2020-04-22,Morris,Texas,48343.0,5,0.0,343,Texas,Morris,12388,40.36164029706167,0.0,0.0,0.0,0.0,0.0,2.3063794455463813,0.0,2.0,1548.5
360669,2020-04-23,Morris,Texas,48343.0,5,0.0,343,Texas,Morris,12388,40.36164029706167,0.0,0.0,0.0,0.0,0.0,2.3063794455463813,0.0,2.0,1548.5
360670,2020-04-24,Morris,Texas,48343.0,5,0.0,343,Texas,Morris,12388,40.36164029706167,0.0,0.0,0.0,0.0,0.0,1.1531897227731913,0.0,2.0,1548.5
360671,2020-04-25,Morris,Texas,48343.0,5,0.0,343,Texas,Morris,12388,40.36164029706167,0.0,0.0,0.0,0.0,0.0,1.1531897227731913,0.0,1.0,3097.0
360672,2020-04-26,Morris,Texas,48343.0,5,0.0,343,Texas,Morris,12388,40.36164029706167,0.0,0.0,0.0,0.0,0.0,5.075305255429287e-16,0.0,1.0,3097.0
360673,2020-04-27,Morris,Texas,48343.0,5,0.0,343,Texas,Morris,12388,40.36164029706167,0.0,0.0,0.0,0.0,0.0,5.075305255429287e-16,0.0,0.0,inf
360674,2020-04-28,Morris,Texas,48343.0,5,0.0,343,Texas,Morris,12388,40.36164029706167,0.0,0.0,0.0,0.0,0.0,5.075305255429287e-16,0.0,0.0,inf
360675,2020-04-29,Morris,Texas,48343.0,5,0.0,343,Texas,Morris,12388,40.36164029706167,0.0,0.0,0.0,0.0,0.0,5.075305255429287e-16,0.0,0.0,inf
360676,2020-04-30,Morris,Texas,48343.0,5,0.0,343,Texas,Morris,12388,40.36164029706167,0.0,0.0,0.0,0.0,0.0,5.075305255429287e-16,0.0,0.0,inf
360677,2020-05-01,Morris,Texas,48343.0,5,0.0,343,Texas,Morris,12388,40.36164029706167,0.0,0.0,0.0,0.0,0.0,5.075305255429287e-16,0.0,0.0,inf
360678,2020-05-02,Morris,Texas,48343.0,8,0.0,343,Texas,Morris,12388,64.57862447529867,0.0,0.0,3.0,24.216984178237,0.0,3.4595691683195717,0.0,3.0,1032.3333333333335
360679,2020-05-03,Morris,Texas,48343.0,9,0.0,343,Texas,Morris,12388,72.65095253471101,0.0,0.0,1.0,8.072328059412342,0.0,4.612758891092763,0.0,4.0,774.25
360680,2020-05-04,Morris,Texas,48343.0,9,0.0,343,Texas,Morris,12388,72.65095253471101,0.0,0.0,0.0,0.0,0.0,4.612758891092763,0.0,4.0,774.25
360681,2020-05-05,Morris,Texas,48343.0,9,0.0,343,Texas,Morris,12388,72.65095253471101,0.0,0.0,0.0,0.0,0.0,4.612758891092763,0.0,4.0,774.25
360682,2020-05-06,Morris,Texas,48343.0,9,0.0,343,Texas,Morris,12388,72.65095253471101,0.0,0.0,0.0,0.0,0.0,4.612758891092763,0.0,4.0,774.25
360683,2020-05-07,Morris,Texas,48343.0,9,0.0,343,Texas,Morris,12388,72.65095253471101,0.0,0.0,0.0,0.0,0.0,4.612758891092763,0.0,4.0,774.25
360684,2020-05-08,Morris,Texas,48343.0,9,0.0,343,Texas,Morris,12388,72.65095253471101,0.0,0.0,0.0,0.0,0.0,4.612758891092763,0.0,4.0,774.25
360685,2020-05-09,Morris,Texas,48343.0,9,0.0,343,Texas,Morris,12388,72.65095253471101,0.0,0.0,0.0,0.0,0.0,1.1531897227731918,0.0,4.0,774.25
360686,2020-05-10,Morris,Texas,48343.0,9,0.0,343,Texas,Morris,12388,72.65095253471101,0.0,0.0,0.0,0.0,0.0,0.0,0.0,1.0,3097.0
360687,2020-05-11,Morris,Texas,48343.0,9,0.0,343,Texas,Morris,12388,72.65095253471101,0.0,0.0,0.0,0.0,0.0,0.0,0.0,0.0,inf
360688,2020-05-12,Morris,Texas,48343.0,9,0.0,343,Texas,Morris,12388,72.65095253471101,0.0,0.0,0.0,0.0,0.0,0.0,0.0,0.0,inf
360689,2020-05-13,Morris,Texas,48343.0,9,0.0,343,Texas,Morris,12388,72.65095253471101,0.0,0.0,0.0,0.0,0.0,0.0,0.0,0.0,inf
360690,2020-05-14,Morris,Texas,48343.0,10,0.0,343,Texas,Morris,12388,80.72328059412334,0.0,0.0,1.0,8.072328059412328,0.0,1.1531897227731898,0.0,1.0,3097.0
360691,2020-05-15,Morris,Texas,48343.0,10,0.0,343,Texas,Morris,12388,80.72328059412334,0.0,0.0,0.0,0.0,0.0,1.1531897227731898,0.0,1.0,3097.0
360692,2020-05-16,Morris,Texas,48343.0,11,0.0,343,Texas,Morris,12388,88.79560865353568,0.0,0.0,1.0,8.072328059412342,0.0,2.3063794455463813,0.0,2.0,1548.5
360693,2020-05-17,Morris,Texas,48343.0,11,0.0,343,Texas,Morris,12388,88.79560865353568,0.0,0.0,0.0,0.0,0.0,2.3063794455463813,0.0,2.0,1548.5
360694,2020-05-18,Morris,Texas,48343.0,11,0.0,343,Texas,Morris,12388,88.79560865353568,0.0,0.0,0.0,0.0,0.0,2.3063794455463813,0.0,2.0,1548.5
360695,2020-05-19,Morris,Texas,48343.0,13,0.0,343,Texas,Morris,12388,104.94026477236035,0.0,0.0,2.0,16.14465611882467,0.0,4.612758891092763,0.0,4.0,774.25
360696,2020-05-20,Morris,Texas,48343.0,14,0.0,343,Texas,Morris,12388,113.01259283177268,0.0,0.0,1.0,8.072328059412328,0.0,5.765948613865953,0.0,5.0,619.4
360697,2020-05-21,Morris,Texas,48343.0,15,0.0,343,Texas,Morris,12388,121.08492089118502,0.0,0.0,1.0,8.072328059412342,0.0,5.765948613865954,0.0,6.0,516.1666666666667
360698,2020-05-22,Morris,Texas,48343.0,17,0.0,343,Texas,Morris,12388,137.22957701000968,0.0,0.0,2.0,16.144656118824656,0.0,8.072328059412333,0.0,7.0,442.42857142857144
360699,2020-05-23,Morris,Texas,48343.0,17,0.0,343,Texas,Morris,12388,137.22957701000968,0.0,0.0,0.0,0.0,0.0,6.919138336639143,0.0,7.0,442.42857142857144
360700,2020-05-24,Morris,Texas,48343.0,17,0.0,343,Texas,Morris,12388,137.22957701000968,0.0,0.0,0.0,0.0,0.0,6.919138336639143,0.0,6.0,516.1666666666667
360701,2020-05-25,Morris,Texas,48343.0,17,0.0,343,Texas,Morris,12388,137.22957701000968,0.0,0.0,0.0,0.0,0.0,6.919138336639143,0.0,6.0,516.1666666666667
360702,2020-05-26,Morris,Texas,48343.0,21,0.0,343,Texas,Morris,12388,169.51888924765902,0.0,0.0,4.0,32.28931223764934,0.0,9.225517782185523,0.0,10.0,309.7
360703,2020-05-27,Morris,Texas,48343.0,22,0.0,343,Texas,Morris,12388,177.59121730707136,0.0,0.0,1.0,8.072328059412342,0.0,9.225517782185525,0.0,9.0,344.11111111111114
360704,2020-05-28,Morris,Texas,48343.0,27,0.0,343,Texas,Morris,12388,217.95285760413302,0.0,0.0,5.0,40.361640297061655,0.0,13.838276673278285,0.0,13.0,238.23076923076923
360705,2020-05-29,Morris,Texas,48343.0,28,0.0,343,Texas,Morris,12388,226.02518566354536,0.0,0.0,1.0,8.072328059412342,0.0,12.685086950505097,0.0,13.0,238.23076923076923
360706,2020-05-30,Morris,Texas,48343.0,26,0.0,343,Texas,Morris,12388,209.8805295447207,0.0,0.0,-2.0,-16.144656118824656,0.0,10.378707504958717,0.0,9.0,344.11111111111114
360707,2020-05-31,Morris,Texas,48343.0,26,0.0,343,Texas,Morris,12388,209.8805295447207,0.0,0.0,0.0,0.0,0.0,10.378707504958717,0.0,9.0,344.11111111111114
360708,2020-06-01,Morris,Texas,48343.0,26,0.0,343,Texas,Morris,12388,209.8805295447207,0.0,0.0,0.0,0.0,0.0,10.378707504958717,0.0,9.0,344.11111111111114
360709,2020-06-02,Morris,Texas,48343.0,26,0.0,343,Texas,Morris,12388,209.8805295447207,0.0,0.0,0.0,0.0,0.0,5.765948613865954,0.0,9.0,344.11111111111114
360710,2020-06-03,Morris,Texas,48343.0,25,0.0,343,Texas,Morris,12388,201.80820148530836,0.0,0.0,-1.0,-8.072328059412342,0.0,3.4595691683195713,0.0,4.0,774.25
360711,2020-06-04,Morris,Texas,48343.0,27,0.0,343,Texas,Morris,12388,217.95285760413302,0.0,0.0,2.0,16.144656118824656,0.0,0.0,0.0,5.0,619.4
360712,2020-06-05,Morris,Texas,48343.0,27,0.0,343,Texas,Morris,12388,217.95285760413302,0.0,0.0,0.0,0.0,0.0,-1.1531897227731918,0.0,0.0,inf
360713,2020-06-06,Morris,Texas,48343.0,27,0.0,343,Texas,Morris,12388,217.95285760413302,0.0,0.0,0.0,0.0,0.0,1.1531897227731878,0.0,-1.0,-3097.0
360714,2020-06-07,Morris,Texas,48343.0,27,0.0,343,Texas,Morris,12388,217.95285760413302,0.0,0.0,0.0,0.0,0.0,1.1531897227731878,0.0,1.0,3097.0
360715,2020-06-08,Morris,Texas,48343.0,27,0.0,343,Texas,Morris,12388,217.95285760413302,0.0,0.0,0.0,0.0,0.0,1.1531897227731878,0.0,1.0,3097.0
360716,2020-06-09,Morris,Texas,48343.0,27,0.0,343,Texas,Morris,12388,217.95285760413302,0.0,0.0,0.0,0.0,0.0,1.1531897227731878,0.0,1.0,3097.0
360717,2020-06-10,Morris,Texas,48343.0,27,0.0,343,Texas,Morris,12388,217.95285760413302,0.0,0.0,0.0,0.0,0.0,2.3063794455463795,0.0,1.0,3097.0
360718,2020-06-11,Morris,Texas,48343.0,28,0.0,343,Texas,Morris,12388,226.02518566354536,0.0,0.0,1.0,8.072328059412342,0.0,1.1531897227731918,0.0,3.0,1032.3333333333335
360719,2020-06-12,Morris,Texas,48343.0,28,0.0,343,Texas,Morris,12388,226.02518566354536,0.0,0.0,0.0,0.0,0.0,1.1531897227731918,0.0,1.0,3097.0
360720,2020-06-13,Morris,Texas,48343.0,30,0.0,343,Texas,Morris,12388,242.16984178237004,0.0,0.0,2.0,16.144656118824685,0.0,3.4595691683195753,0.0,3.0,1032.3333333333335
360721,2020-06-14,Morris,Texas,48343.0,31,0.0,343,Texas,Morris,12388,250.24216984178238,0.0,0.0,1.0,8.072328059412342,0.0,4.612758891092767,0.0,4.0,774.25
360722,2020-06-15,Morris,Texas,48343.0,31,0.0,343,Texas,Morris,12388,250.24216984178238,0.0,0.0,0.0,0.0,0.0,4.612758891092767,0.0,4.0,774.25
360723,2020-06-16,Morris,Texas,48343.0,31,0.0,343,Texas,Morris,12388,250.24216984178238,0.0,0.0,0.0,0.0,0.0,4.612758891092767,0.0,4.0,774.25
360724,2020-06-17,Morris,Texas,48343.0,31,0.0,343,Texas,Morris,12388,250.24216984178238,0.0,0.0,0.0,0.0,0.0,4.612758891092767,0.0,4.0,774.25
360725,2020-06-18,Morris,Texas,48343.0,31,0.0,343,Texas,Morris,12388,250.24216984178238,0.0,0.0,0.0,0.0,0.0,3.4595691683195753,0.0,4.0,774.25
360726,2020-06-19,Morris,Texas,48343.0,31,0.0,343,Texas,Morris,12388,250.24216984178238,0.0,0.0,0.0,0.0,0.0,3.4595691683195753,0.0,3.0,1032.3333333333335
360727,2020-06-20,Morris,Texas,48343.0,33,0.0,343,Texas,Morris,12388,266.38682596060704,0.0,0.0,2.0,16.144656118824656,0.0,3.4595691683195713,0.0,5.0,619.4
360728,2020-06-21,Morris,Texas,48343.0,34,0.0,343,Texas,Morris,12388,274.45915402001935,0.0,0.0,1.0,8.072328059412314,0.0,3.4595691683195673,0.0,4.0,774.25
360729,2020-06-22,Morris,Texas,48343.0,34,0.0,343,Texas,Morris,12388,274.45915402001935,0.0,0.0,0.0,0.0,0.0,3.4595691683195673,0.0,3.0,1032.3333333333335
360730,2020-06-23,Morris,Texas,48343.0,35,0.0,343,Texas,Morris,12388,282.5314820794317,0.0,0.0,1.0,8.07232805941237,0.0,4.612758891092763,0.0,4.0,774.25
360731,2020-06-24,Morris,Texas,48343.0,37,0.0,343,Texas,Morris,12388,298.67613819825635,0.0,0.0,2.0,16.144656118824628,0.0,6.919138336639138,0.0,6.0,516.1666666666667
360732,2020-06-25,Morris,Texas,48343.0,37,0.0,343,Texas,Morris,12388,298.67613819825635,0.0,0.0,0.0,0.0,0.0,6.919138336639138,0.0,6.0,516.1666666666667
360733,2020-06-26,Morris,Texas,48343.0,37,0.0,343,Texas,Morris,12388,298.67613819825635,0.0,0.0,0.0,0.0,0.0,6.919138336639138,0.0,6.0,516.1666666666667
360734,2020-06-27,Morris,Texas,48343.0,37,0.0,343,Texas,Morris,12388,298.67613819825635,0.0,0.0,0.0,0.0,0.0,4.612758891092759,0.0,6.0,516.1666666666667
360735,2020-06-28,Morris,Texas,48343.0,37,0.0,343,Texas,Morris,12388,298.67613819825635,0.0,0.0,0.0,0.0,0.0,3.4595691683195713,0.0,4.0,774.25
360736,2020-06-29,Morris,Texas,48343.0,38,0.0,343,Texas,Morris,12388,306.7484662576687,0.0,0.0,1.0,8.07232805941237,0.0,4.612758891092767,0.0,4.0,774.25
360737,2020-06-30,Morris,Texas,48343.0,38,0.0,343,Texas,Morris,12388,306.7484662576687,0.0,0.0,0.0,0.0,0.0,3.4595691683195713,0.0,4.0,774.25
360738,2020-07-01,Morris,Texas,48343.0,39,0.0,343,Texas,Morris,12388,314.82079431708104,0.0,0.0,1.0,8.072328059412314,0.0,2.3063794455463835,0.0,4.0,774.25
360739,2020-07-02,Morris,Texas,48343.0,40,0.0,343,Texas,Morris,12388,322.89312237649335,0.0,0.0,1.0,8.072328059412314,0.0,3.4595691683195713,0.0,3.0,1032.3333333333335
360740,2020-07-03,Morris,Texas,48343.0,41,0.0,343,Texas,Morris,12388,330.9654504359057,0.0,0.0,1.0,8.07232805941237,0.0,4.612758891092767,0.0,4.0,774.25
360741,2020-07-04,Morris,Texas,48343.0,42,0.0,343,Texas,Morris,12388,339.03777849531804,0.0,0.0,1.0,8.072328059412314,0.0,5.765948613865954,0.0,5.0,619.4
360742,2020-07-05,Morris,Texas,48343.0,42,0.0,343,Texas,Morris,12388,339.03777849531804,0.0,0.0,0.0,0.0,0.0,5.765948613865954,0.0,5.0,619.4
360743,2020-07-06,Morris,Texas,48343.0,43,0.0,343,Texas,Morris,12388,347.1101065547304,0.0,0.0,1.0,8.07232805941237,0.0,5.765948613865954,0.0,6.0,516.1666666666667
360744,2020-07-07,Morris,Texas,48343.0,49,0.0,343,Texas,Morris,12388,395.5440749112044,0.0,0.0,6.0,48.433968356474,0.0,12.685086950505097,0.0,11.0,281.54545454545456
360745,2020-07-08,Morris,Texas,48343.0,49,0.0,343,Texas,Morris,12388,395.5440749112044,0.0,0.0,0.0,0.0,0.0,11.531897227731909,0.0,11.0,281.54545454545456
360746,2020-07-09,Morris,Texas,48343.0,50,0.0,343,Texas,Morris,12388,403.6164029706167,0.0,0.0,1.0,8.072328059412314,0.0,11.531897227731909,0.0,11.0,281.54545454545456
360747,2020-07-10,Morris,Texas,48343.0,51,0.0,343,Texas,Morris,12388,411.68873103002903,0.0,0.0,1.0,8.072328059412314,0.0,11.531897227731902,0.0,11.0,281.54545454545456
360748,2020-07-11,Morris,Texas,48343.0,48,0.0,343,Texas,Morris,12388,387.47174685179203,0.0,0.0,-3.0,-24.216984178237,0.0,6.919138336639143,0.0,7.0,442.42857142857144
360749,2020-07-12,Morris,Texas,48343.0,50,0.0,343,Texas,Morris,12388,403.6164029706167,0.0,0.0,2.0,16.144656118824685,0.0,9.225517782185525,0.0,8.0,387.125
360750,2020-07-13,Morris,Texas,48343.0,51,0.0,343,Texas,Morris,12388,411.68873103002903,0.0,0.0,1.0,8.072328059412314,0.0,9.225517782185518,0.0,9.0,344.11111111111114
360751,2020-07-14,Morris,Texas,48343.0,54,0.0,343,Texas,Morris,12388,435.90571520826603,0.0,0.0,3.0,24.216984178237,0.0,5.765948613865946,0.0,11.0,281.54545454545456
360752,2020-07-15,Morris,Texas,48343.0,54,0.0,343,Texas,Morris,12388,435.90571520826603,0.0,0.0,0.0,0.0,0.0,5.765948613865946,0.0,5.0,619.4
360753,2020-07-16,Morris,Texas,48343.0,55,0.0,343,Texas,Morris,12388,443.9780432676784,0.0,0.0,1.0,8.07232805941237,0.0,5.765948613865954,0.0,6.0,516.1666666666667
360754,2020-07-17,Morris,Texas,48343.0,61,0.0,343,Texas,Morris,12388,492.4120116241524,0.0,0.0,6.0,48.433968356474,0.0,11.531897227731909,0.0,11.0,281.54545454545456
360755,2020-07-18,Morris,Texas,48343.0,63,0.0,343,Texas,Morris,12388,508.5566677429771,0.0,0.0,2.0,16.144656118824685,0.0,17.297845841597866,0.0,12.0,258.08333333333337
360756,2020-07-19,Morris,Texas,48343.0,63,0.0,343,Texas,Morris,12388,508.5566677429771,0.0,0.0,0.0,0.0,0.0,14.99146639605148,0.0,15.0,206.46666666666667
360757,2020-07-20,Morris,Texas,48343.0,64,0.0,343,Texas,Morris,12388,516.6289958023893,0.0,0.0,1.0,8.072328059412257,0.0,14.991466396051473,0.0,14.0,221.21428571428572
360758,2020-07-21,Morris,Texas,48343.0,65,0.0,343,Texas,Morris,12388,524.7013238618018,0.0,0.0,1.0,8.072328059412484,0.0,12.685086950505113,0.0,14.0,221.21428571428572
360759,2020-07-22,Morris,Texas,48343.0,68,0.0,343,Texas,Morris,12388,548.9183080400387,0.0,0.0,3.0,24.216984178236885,0.0,16.144656118824667,0.0,14.0,221.21428571428572
360760,2020-07-23,Morris,Texas,48343.0,70,0.0,343,Texas,Morris,12388,565.0629641588635,0.0,0.0,2.0,16.14465611882474,0.0,17.297845841597866,0.0,16.0,193.5625
360761,2020-07-24,Morris,Texas,48343.0,70,0.0,343,Texas,Morris,12388,565.0629641588635,0.0,0.0,0.0,0.0,0.0,10.378707504958722,0.0,15.0,206.46666666666667
360762,2020-07-25,Morris,Texas,48343.0,77,0.0,343,Texas,Morris,12388,621.5692605747497,0.0,0.0,7.0,56.506296415886254,0.0,16.14465611882466,0.0,16.0,193.5625
360763,2020-07-26,Morris,Texas,48343.0,79,0.0,343,Texas,Morris,12388,637.7139166935744,0.0,0.0,2.0,16.14465611882474,0.0,18.45103556437105,0.0,16.0,193.5625
360764,2020-07-27,Morris,Texas,48343.0,79,1.0,343,Texas,Morris,12388,637.7139166935744,8.072328059412333,0.012658227848101266,0.0,0.0,8.072328059412333,17.297845841597873,1.1531897227731904,16.0,193.5625
360765,2020-07-28,Morris,Texas,48343.0,81,1.0,343,Texas,Morris,12388,653.8585728123991,8.072328059412333,0.012345679012345678,2.0,16.144656118824628,0.0,18.451035564371036,1.1531897227731904,17.0,182.17647058823528
360766,2020-07-29,Morris,Texas,48343.0,84,1.0,343,Texas,Morris,12388,678.0755569906361,8.072328059412333,0.011904761904761904,3.0,24.216984178237,0.0,18.45103556437105,1.1531897227731904,19.0,163.0
360767,2020-07-30,Morris,Texas,48343.0,85,1.0,343,Texas,Morris,12388,686.1478850500484,8.072328059412333,0.011764705882352941,1.0,8.07232805941237,0.0,17.297845841597855,1.1531897227731904,17.0,182.17647058823528
360768,2020-07-31,Morris,Texas,48343.0,91,1.0,343,Texas,Morris,12388,734.5818534065224,8.072328059412333,0.01098901098901099,6.0,48.433968356474,0.0,24.216984178237,1.1531897227731904,21.0,147.47619047619048
360769,2020-08-01,Morris,Texas,48343.0,96,1.0,343,Texas,Morris,12388,774.9434937035841,8.072328059412333,0.010416666666666666,5.0,40.361640297061626,0.0,21.910604732690622,1.1531897227731904,26.0,119.11538461538461
360770,2020-08-02,Morris,Texas,48343.0,97,1.0,343,Texas,Morris,12388,783.0158217629964,8.072328059412333,0.010309278350515464,1.0,8.07232805941237,0.0,20.757415009917427,1.1531897227731904,20.0,154.85
360771,2020-08-03,Morris,Texas,48343.0,97,1.0,343,Texas,Morris,12388,783.0158217629964,8.072328059412333,0.010309278350515464,0.0,0.0,0.0,20.757415009917427,0.0,18.0,172.05555555555557
360772,2020-08-04,Morris,Texas,48343.0,97,1.0,343,Texas,Morris,12388,783.0158217629964,8.072328059412333,0.010309278350515464,0.0,0.0,0.0,18.45103556437105,0.0,18.0,172.05555555555557
360773,2020-08-05,Morris,Texas,48343.0,98,1.0,343,Texas,Morris,12388,791.0881498224088,8.072328059412333,0.01020408163265306,1.0,8.07232805941237,0.0,16.144656118824678,0.0,17.0,182.17647058823528
360774,2020-08-06,Morris,Texas,48343.0,100,1.0,343,Texas,Morris,12388,807.2328059412334,8.072328059412333,0.01,2.0,16.144656118824628,0.0,17.297845841597855,0.0,16.0,193.5625
360775,2020-08-07,Morris,Texas,48343.0,105,3.0,343,Texas,Morris,12388,847.5944462382951,24.216984178237002,0.02857142857142857,5.0,40.361640297061626,16.14465611882467,16.14465611882466,2.3063794455463813,20.0,154.85
360776,2020-08-08,Morris,Texas,48343.0,115,3.0,343,Texas,Morris,12388,928.3177268324184,24.216984178237002,0.02608695652173913,10.0,80.72328059412337,0.0,21.910604732690622,2.3063794455463813,24.0,129.04166666666669
360777,2020-08-09,Morris,Texas,48343.0,116,3.0,343,Texas,Morris,12388,936.3900548918308,24.216984178237002,0.02586206896551724,1.0,8.07232805941237,0.0,21.910604732690622,2.3063794455463813,20.0,154.85
360778,2020-08-10,Morris,Texas,48343.0,117,3.0,343,Texas,Morris,12388,944.4623829512432,24.216984178237002,0.02564102564102564,1.0,8.07232805941237,0.0,23.063794455463817,2.3063794455463813,20.0,154.85
360779,2020-08-11,Morris,Texas,48343.0,125,3.0,343,Texas,Morris,12388,1009.0410074265418,24.216984178237002,0.024,8.0,64.57862447529862,0.0,32.289312237649334,2.3063794455463813,28.0,110.60714285714286
360780,2020-08-12,Morris,Texas,48343.0,127,3.0,343,Texas,Morris,12388,1025.1856635453667,24.216984178237002,0.023622047244094488,2.0,16.144656118824855,0.0,33.44250196042255,2.3063794455463813,30.0,103.23333333333333
360781,2020-08-13,Morris,Texas,48343.0,130,3.0,343,Texas,Morris,12388,1049.4026477236036,24.216984178237002,0.023076923076923078,3.0,24.216984178237,0.0,34.595691683195746,2.3063794455463813,32.0,96.78125
360782,2020-08-14,Morris,Texas,48343.0,131,3.0,343,Texas,Morris,12388,1057.4749757830157,24.216984178237002,0.022900763358778626,1.0,8.07232805941203,0.0,29.982932792102947,0.0,31.0,99.9032258064516
360783,2020-08-15,Morris,Texas,48343.0,133,3.0,343,Texas,Morris,12388,1073.6196319018406,24.216984178237002,0.022556390977443608,2.0,16.14465611882497,0.0,20.75741500991746,0.0,28.0,110.60714285714286
360784,2020-08-16,Morris,Texas,48343.0,134,3.0,343,Texas,Morris,12388,1081.6919599612527,24.216984178237002,0.022388059701492536,1.0,8.07232805941203,0.0,20.757415009917413,0.0,19.0,163.0
360785,2020-08-17,Morris,Texas,48343.0,134,3.0,343,Texas,Morris,12388,1081.6919599612527,24.216984178237002,0.022388059701492536,0.0,0.0,0.0,19.604225287144214,0.0,18.0,172.05555555555557
360786,2020-08-18,Morris,Texas,48343.0,135,3.0,343,Texas,Morris,12388,1089.7642880206652,24.216984178237002,0.022222222222222223,1.0,8.072328059412484,0.0,11.531897227731909,0.0,18.0,172.05555555555557
360787,2020-08-19,Morris,Texas,48343.0,135,3.0,343,Texas,Morris,12388,1089.7642880206652,24.216984178237002,0.022222222222222223,0.0,0.0,0.0,9.225517782185502,0.0,10.0,309.7
360788,2020-08-20,Morris,Texas,48343.0,137,3.0,343,Texas,Morris,12388,1105.9089441394897,24.216984178237002,0.021897810218978103,2.0,16.144656118824514,0.0,8.072328059412289,0.0,10.0,309.7
360789,2020-08-21,Morris,Texas,48343.0,137,3.0,343,Texas,Morris,12388,1105.9089441394897,24.216984178237002,0.021897810218978103,0.0,0.0,0.0,6.919138336639143,0.0,7.0,442.42857142857144
360790,2020-08-22,Morris,Texas,48343.0,138,3.0,343,Texas,Morris,12388,1113.9812721989022,24.216984178237002,0.021739130434782608,1.0,8.072328059412484,0.0,5.76594861386593,0.0,7.0,442.42857142857144
360791,2020-08-23,Morris,Texas,48343.0,140,3.0,343,Texas,Morris,12388,1130.125928317727,24.216984178237002,0.02142857142857143,2.0,16.14465611882474,0.0,6.9191383366391745,0.0,7.0,442.42857142857144
360792,2020-08-24,Morris,Texas,48343.0,141,3.0,343,Texas,Morris,12388,1138.1982563771392,24.216984178237002,0.02127659574468085,1.0,8.072328059412257,0.0,8.072328059412355,0.0,7.0,442.42857142857144
360793,2020-08-25,Morris,Texas,48343.0,142,3.0,343,Texas,Morris,12388,1146.2705844365514,24.216984178237002,0.02112676056338028,1.0,8.072328059412257,0.0,8.072328059412323,0.0,8.0,387.125
360794,2020-08-26,Morris,Texas,48343.0,147,3.0,343,Texas,Morris,12388,1186.6322247336132,24.216984178237002,0.02040816326530612,5.0,40.36164029706174,0.0,13.838276673278285,0.0,12.0,258.08333333333337
360795,2020-08-27,Morris,Texas,48343.0,152,3.0,343,Texas,Morris,12388,1226.993865030675,24.216984178237002,0.019736842105263157,5.0,40.36164029706174,0.0,17.297845841597887,0.0,17.0,182.17647058823528
360796,2020-08-28,Morris,Texas,48343.0,155,3.0,343,Texas,Morris,12388,1251.210849208912,24.216984178237002,0.01935483870967742,3.0,24.216984178237,0.0,20.75741500991746,0.0,18.0,172.05555555555557
360797,2020-08-29,Morris,Texas,48343.0,156,3.0,343,Texas,Morris,12388,1259.2831772683242,24.216984178237002,0.019230769230769232,1.0,8.072328059412257,0.0,20.757415009917427,0.0,19.0,163.0
360798,2020-08-30,Morris,Texas,48343.0,156,3.0,343,Texas,Morris,12388,1259.2831772683242,24.216984178237002,0.019230769230769232,0.0,0.0,0.0,18.451035564371036,0.0,18.0,172.05555555555557
360799,2020-08-31,Morris,Texas,48343.0,156,3.0,343,Texas,Morris,12388,1259.2831772683242,24.216984178237002,0.019230769230769232,0.0,0.0,0.0,17.297845841597855,0.0,16.0,193.5625
360800,2020-09-01,Morris,Texas,48343.0,158,3.0,343,Texas,Morris,12388,1275.427833387149,24.216984178237002,0.0189873417721519,2.0,16.14465611882474,0.0,18.451035564371068,0.0,17.0,182.17647058823528
360801,2020-09-02,Morris,Texas,48343.0,158,3.0,343,Texas,Morris,12388,1275.427833387149,24.216984178237002,0.0189873417721519,0.0,0.0,0.0,12.685086950505106,0.0,16.0,193.5625
360802,2020-09-03,Morris,Texas,48343.0,158,3.0,343,Texas,Morris,12388,1275.427833387149,24.216984178237002,0.0189873417721519,0.0,0.0,0.0,6.919138336639143,0.0,11.0,281.54545454545456
360803,2020-09-04,Morris,Texas,48343.0,159,3.0,343,Texas,Morris,12388,1283.5001614465612,24.216984178237002,0.018867924528301886,1.0,8.072328059412257,0.0,4.612758891092751,0.0,7.0,442.42857142857144
360804,2020-09-05,Morris,Texas,48343.0,159,3.0,343,Texas,Morris,12388,1283.5001614465612,24.216984178237002,0.018867924528301886,0.0,0.0,0.0,3.4595691683195713,0.0,4.0,774.25
360805,2020-09-06,Morris,Texas,48343.0,160,3.0,343,Texas,Morris,12388,1291.5724895059734,24.216984178237002,0.01875,1.0,8.072328059412257,0.0,4.612758891092751,0.0,4.0,774.25
360806,2020-09-07,Morris,Texas,48343.0,161,3.0,343,Texas,Morris,12388,1299.644817565386,24.216984178237002,0.018633540372670808,1.0,8.072328059412484,0.0,5.765948613865963,0.0,5.0,619.4
360807,2020-09-08,Morris,Texas,48343.0,162,3.0,343,Texas,Morris,12388,1307.7171456247981,24.216984178237002,0.018518518518518517,1.0,8.072328059412257,0.0,4.612758891092751,0.0,6.0,516.1666666666667
360808,2020-09-09,Morris,Texas,48343.0,164,3.0,343,Texas,Morris,12388,1323.861801743623,24.216984178237002,0.018292682926829267,2.0,16.14465611882474,0.0,6.919138336639143,0.0,6.0,516.1666666666667
360809,2020-09-10,Morris,Texas,48343.0,164,3.0,343,Texas,Morris,12388,1323.861801743623,24.216984178237002,0.018292682926829267,0.0,0.0,0.0,6.919138336639143,0.0,6.0,516.1666666666667
360810,2020-09-11,Morris,Texas,48343.0,173,3.0,343,Texas,Morris,12388,1396.512754278334,24.216984178237002,0.017341040462427744,9.0,72.650952534711,0.0,16.144656118824678,0.0,15.0,206.46666666666667
360811,2020-09-12,Morris,Texas,48343.0,174,3.0,343,Texas,Morris,12388,1404.5850823377461,24.216984178237002,0.017241379310344827,1.0,8.072328059412257,0.0,17.297845841597855,0.0,15.0,206.46666666666667
360812,2020-09-13,Morris,Texas,48343.0,174,3.0,343,Texas,Morris,12388,1404.5850823377461,24.216984178237002,0.017241379310344827,0.0,0.0,0.0,16.144656118824678,0.0,15.0,206.46666666666667
360813,2020-09-14,Morris,Texas,48343.0,174,3.0,343,Texas,Morris,12388,1404.5850823377461,24.216984178237002,0.017241379310344827,0.0,0.0,0.0,14.991466396051464,0.0,14.0,221.21428571428572
360814,2020-09-15,Morris,Texas,48343.0,174,3.0,343,Texas,Morris,12388,1404.5850823377461,24.216984178237002,0.017241379310344827,0.0,0.0,0.0,13.838276673278285,0.0,13.0,238.23076923076923
360815,2020-09-16,Morris,Texas,48343.0,174,3.0,343,Texas,Morris,12388,1404.5850823377461,24.216984178237002,0.017241379310344827,0.0,0.0,0.0,11.531897227731893,0.0,12.0,258.08333333333337
360816,2020-09-17,Morris,Texas,48343.0,175,3.0,343,Texas,Morris,12388,1412.6574103971586,24.216984178237002,0.017142857142857144,1.0,8.072328059412484,0.0,12.685086950505106,0.0,11.0,281.54545454545456
360817,2020-09-18,Morris,Texas,48343.0,176,3.0,343,Texas,Morris,12388,1420.7297384565709,24.216984178237002,0.017045454545454544,1.0,8.072328059412257,0.0,3.4595691683195713,0.0,12.0,258.08333333333337
360818,2020-09-19,Morris,Texas,48343.0,182,3.0,343,Texas,Morris,12388,1469.1637068130449,24.216984178237002,0.016483516483516484,6.0,48.433968356474,0.0,9.225517782185534,0.0,9.0,344.11111111111114
360819,2020-09-20,Morris,Texas,48343.0,182,3.0,343,Texas,Morris,12388,1469.1637068130449,24.216984178237002,0.016483516483516484,0.0,0.0,0.0,9.225517782185534,0.0,8.0,387.125
360820,2020-09-21,Morris,Texas,48343.0,182,3.0,343,Texas,Morris,12388,1469.1637068130449,24.216984178237002,0.016483516483516484,0.0,0.0,0.0,9.225517782185534,0.0,8.0,387.125
360821,2020-09-22,Morris,Texas,48343.0,184,3.0,343,Texas,Morris,12388,1485.3083629318696,24.216984178237002,0.016304347826086956,2.0,16.14465611882474,0.0,11.531897227731926,0.0,10.0,309.7
360822,2020-09-23,Morris,Texas,48343.0,183,3.0,343,Texas,Morris,12388,1477.2360348724571,24.216984178237002,0.01639344262295082,-1.0,-8.072328059412484,0.0,10.378707504958713,0.0,9.0,344.11111111111114
360823,2020-09-24,Morris,Texas,48343.0,184,3.0,343,Texas,Morris,12388,1485.3083629318696,24.216984178237002,0.016304347826086956,1.0,8.072328059412484,0.0,10.378707504958713,0.0,10.0,309.7
360824,2020-09-25,Morris,Texas,48343.0,184,3.0,343,Texas,Morris,12388,1485.3083629318696,24.216984178237002,0.016304347826086956,0.0,0.0,0.0,9.225517782185534,0.0,9.0,344.11111111111114
360825,2020-09-26,Morris,Texas,48343.0,185,3.0,343,Texas,Morris,12388,1493.3806909912819,24.216984178237002,0.016216216216216217,1.0,8.072328059412257,0.0,3.4595691683195713,0.0,9.0,344.11111111111114
360826,2020-09-27,Morris,Texas,48343.0,185,3.0,343,Texas,Morris,12388,1493.3806909912819,24.216984178237002,0.016216216216216217,0.0,0.0,0.0,3.4595691683195713,0.0,3.0,1032.3333333333335
360827,2020-09-28,Morris,Texas,48343.0,186,3.0,343,Texas,Morris,12388,1501.4530190506941,24.216984178237002,0.016129032258064516,1.0,8.072328059412257,0.0,4.612758891092751,0.0,4.0,774.25
360828,2020-09-29,Morris,Texas,48343.0,188,3.0,343,Texas,Morris,12388,1517.5976751695189,24.216984178237002,0.015957446808510637,2.0,16.14465611882474,0.0,4.612758891092751,0.0,6.0,516.1666666666667
360829,2020-09-30,Morris,Texas,48343.0,189,3.0,343,Texas,Morris,12388,1525.6700032289311,24.216984178237002,0.015873015873015872,1.0,8.072328059412257,0.0,6.919138336639143,0.0,5.0,619.4
360830,2020-10-01,Morris,Texas,48343.0,191,3.0,343,Texas,Morris,12388,1541.8146593477559,24.216984178237002,0.015706806282722512,2.0,16.14465611882474,0.0,8.072328059412323,0.0,8.0,387.125
360831,2020-10-02,Morris,Texas,48343.0,191,3.0,343,Texas,Morris,12388,1541.8146593477559,24.216984178237002,0.015706806282722512,0.0,0.0,0.0,8.072328059412323,0.0,7.0,442.42857142857144
360832,2020-10-03,Morris,Texas,48343.0,191,3.0,343,Texas,Morris,12388,1541.8146593477559,24.216984178237002,0.015706806282722512,0.0,0.0,0.0,6.919138336639143,0.0,7.0,442.42857142857144
360833,2020-10-04,Morris,Texas,48343.0,191,3.0,343,Texas,Morris,12388,1541.8146593477559,24.216984178237002,0.015706806282722512,0.0,0.0,0.0,6.919138336639143,0.0,6.0,516.1666666666667
360834,2020-10-05,Morris,Texas,48343.0,191,3.0,343,Texas,Morris,12388,1541.8146593477559,24.216984178237002,0.015706806282722512,0.0,0.0,0.0,5.765948613865963,0.0,6.0,516.1666666666667
360835,2020-10-06,Morris,Texas,48343.0,194,4.0,343,Texas,Morris,12388,1566.0316435259929,32.289312237649334,0.020618556701030927,3.0,24.216984178237,8.072328059412332,6.919138336639143,1.1531897227731902,8.0,387.125
360836,2020-10-07,Morris,Texas,48343.0,194,4.0,343,Texas,Morris,12388,1566.0316435259929,32.289312237649334,0.020618556701030927,0.0,0.0,0.0,5.765948613865963,1.1531897227731902,6.0,516.1666666666667
360837,2020-10-08,Morris,Texas,48343.0,194,4.0,343,Texas,Morris,12388,1566.0316435259929,32.289312237649334,0.020618556701030927,0.0,0.0,0.0,3.4595691683195713,1.1531897227731902,5.0,619.4
360838,2020-10-09,Morris,Texas,48343.0,194,4.0,343,Texas,Morris,12388,1566.0316435259929,32.289312237649334,0.020618556701030927,0.0,0.0,0.0,3.4595691683195713,1.1531897227731902,3.0,1032.3333333333335
360839,2020-10-10,Morris,Texas,48343.0,194,4.0,343,Texas,Morris,12388,1566.0316435259929,32.289312237649334,0.020618556701030927,0.0,0.0,0.0,3.4595691683195713,1.1531897227731902,3.0,1032.3333333333335
360840,2020-10-11,Morris,Texas,48343.0,194,4.0,343,Texas,Morris,12388,1566.0316435259929,32.289312237649334,0.020618556701030927,0.0,0.0,0.0,3.4595691683195713,1.1531897227731902,3.0,1032.3333333333335
360841,2020-10-12,Morris,Texas,48343.0,196,4.0,343,Texas,Morris,12388,1582.1762996448176,32.289312237649334,0.02040816326530612,2.0,16.14465611882474,0.0,5.765948613865963,1.1531897227731902,5.0,619.4
360842,2020-10-13,Morris,Texas,48343.0,198,4.0,343,Texas,Morris,12388,1598.3209557636421,32.289312237649334,0.020202020202020204,2.0,16.144656118824514,0.0,4.612758891092751,0.0,7.0,442.42857142857144
360843,2020-10-14,Morris,Texas,48343.0,198,4.0,343,Texas,Morris,12388,1598.3209557636421,32.289312237649334,0.020202020202020204,0.0,0.0,0.0,4.612758891092751,0.0,4.0,774.25
360844,2020-10-15,Morris,Texas,48343.0,199,4.0,343,Texas,Morris,12388,1606.3932838230546,32.289312237649334,0.020100502512562814,1.0,8.072328059412484,0.0,5.765948613865963,0.0,5.0,619.4
360845,2020-10-16,Morris,Texas,48343.0,200,5.0,343,Texas,Morris,12388,1614.4656118824669,40.36164029706167,0.025,1.0,8.072328059412257,8.072328059412335,6.919138336639143,1.1531897227731907,6.0,516.1666666666667
360846,2020-10-17,Morris,Texas,48343.0,201,5.0,343,Texas,Morris,12388,1622.5379399418791,40.36164029706167,0.024875621890547265,1.0,8.072328059412257,0.0,8.072328059412323,1.1531897227731907,7.0,442.42857142857144
360847,2020-10-18,Morris,Texas,48343.0,201,5.0,343,Texas,Morris,12388,1622.5379399418791,40.36164029706167,0.024875621890547265,0.0,0.0,0.0,8.072328059412323,1.1531897227731907,7.0,442.42857142857144
360848,2020-10-19,Morris,Texas,48343.0,201,5.0,343,Texas,Morris,12388,1622.5379399418791,40.36164029706167,0.024875621890547265,0.0,0.0,0.0,5.76594861386593,1.1531897227731907,7.0,442.42857142857144
360849,2020-10-20,Morris,Texas,48343.0,208,5.0,343,Texas,Morris,12388,1679.0442363577656,40.36164029706167,0.02403846153846154,7.0,56.50629641588648,0.0,11.531897227731926,1.1531897227731907,12.0,258.08333333333337
360850,2020-10-21,Morris,Texas,48343.0,209,5.0,343,Texas,Morris,12388,1687.1165644171779,40.36164029706167,0.023923444976076555,1.0,8.072328059412257,0.0,12.685086950505106,1.1531897227731907,11.0,281.54545454545456
360851,2020-10-22,Morris,Texas,48343.0,209,5.0,343,Texas,Morris,12388,1687.1165644171779,40.36164029706167,0.023923444976076555,0.0,0.0,0.0,11.531897227731893,1.1531897227731907,11.0,281.54545454545456
360852,2020-10-23,Morris,Texas,48343.0,213,5.0,343,Texas,Morris,12388,1719.4058766548271,40.36164029706167,0.023474178403755867,4.0,32.289312237649256,0.0,14.991466396051464,0.0,14.0,221.21428571428572
360853,2020-10-24,Morris,Texas,48343.0,217,5.0,343,Texas,Morris,12388,1751.6951888924766,40.36164029706167,0.02304147465437788,4.0,32.28931223764948,0.0,18.451035564371068,0.0,17.0,182.17647058823528
360854,2020-10-25,Morris,Texas,48343.0,217,5.0,343,Texas,Morris,12388,1751.6951888924766,40.36164029706167,0.02304147465437788,0.0,0.0,0.0,18.451035564371068,0.0,16.0,193.5625
360855,2020-10-26,Morris,Texas,48343.0,217,5.0,343,Texas,Morris,12388,1751.6951888924766,40.36164029706167,0.02304147465437788,0.0,0.0,0.0,18.451035564371068,0.0,16.0,193.5625
360856,2020-10-27,Morris,Texas,48343.0,224,5.0,343,Texas,Morris,12388,1808.2014853083629,40.36164029706167,0.022321428571428572,7.0,56.506296415886254,0.0,18.451035564371036,0.0,23.0,134.65217391304347
360857,2020-10-28,Morris,Texas,48343.0,228,5.0,343,Texas,Morris,12388,1840.4907975460123,40.36164029706167,0.021929824561403508,4.0,32.28931223764948,0.0,21.91060473269064,0.0,20.0,154.85
360858,2020-10-29,Morris,Texas,48343.0,229,5.0,343,Texas,Morris,12388,1848.5631256054246,40.36164029706167,0.021834061135371178,1.0,8.072328059412257,0.0,23.063794455463817,0.0,20.0,154.85
360859,2020-10-30,Morris,Texas,48343.0,232,5.0,343,Texas,Morris,12388,1872.7801097836616,40.36164029706167,0.021551724137931036,3.0,24.216984178237,0.0,21.91060473269064,0.0,23.0,134.65217391304347
360860,2020-10-31,Morris,Texas,48343.0,234,5.0,343,Texas,Morris,12388,1888.9247659024863,40.36164029706167,0.021367521367521368,2.0,16.14465611882474,0.0,19.60422528714425,0.0,21.0,147.47619047619048
360861,2020-11-01,Morris,Texas,48343.0,236,5.0,343,Texas,Morris,12388,1905.0694220213109,40.36164029706167,0.0211864406779661,2.0,16.144656118824514,0.0,21.910604732690608,0.0,19.0,163.0
360862,2020-11-02,Morris,Texas,48343.0,237,5.0,343,Texas,Morris,12388,1913.1417500807233,40.36164029706167,0.02109704641350211,1.0,8.072328059412484,0.0,23.063794455463817,0.0,20.0,154.85
360863,2020-11-03,Morris,Texas,48343.0,240,5.0,343,Texas,Morris,12388,1937.3587342589603,40.36164029706167,0.020833333333333332,3.0,24.216984178237,0.0,18.451035564371068,0.0,23.0,134.65217391304347
360864,2020-11-04,Morris,Texas,48343.0,240,5.0,343,Texas,Morris,12388,1937.3587342589603,40.36164029706167,0.020833333333333332,0.0,0.0,0.0,13.838276673278285,0.0,16.0,193.5625
360865,2020-11-05,Morris,Texas,48343.0,240,5.0,343,Texas,Morris,12388,1937.3587342589603,40.36164029706167,0.020833333333333332,0.0,0.0,0.0,12.685086950505106,0.0,12.0,258.08333333333337
360866,2020-11-06,Morris,Texas,48343.0,244,5.0,343,Texas,Morris,12388,1969.6480464966096,40.36164029706167,0.020491803278688523,4.0,32.289312237649256,0.0,13.838276673278285,0.0,15.0,206.46666666666667
360867,2020-11-07,Morris,Texas,48343.0,244,5.0,343,Texas,Morris,12388,1969.6480464966096,40.36164029706167,0.020491803278688523,0.0,0.0,0.0,11.531897227731893,0.0,12.0,258.08333333333337
360868,2020-11-08,Morris,Texas,48343.0,246,5.0,343,Texas,Morris,12388,1985.7927026154343,40.36164029706167,0.02032520325203252,2.0,16.14465611882474,0.0,11.531897227731926,0.0,12.0,258.08333333333337
360869,2020-11-09,Morris,Texas,48343.0,246,5.0,343,Texas,Morris,12388,1985.7927026154343,40.36164029706167,0.02032520325203252,0.0,0.0,0.0,10.378707504958713,0.0,10.0,309.7
360870,2020-11-10,Morris,Texas,48343.0,247,5.0,343,Texas,Morris,12388,1993.8650306748466,40.36164029706167,0.020242914979757085,1.0,8.072328059412257,0.0,8.072328059412323,0.0,10.0,309.7
360871,2020-11-11,Morris,Texas,48343.0,248,5.0,343,Texas,Morris,12388,2001.937358734259,40.36164029706167,0.020161290322580645,1.0,8.072328059412484,0.0,9.225517782185534,0.0,8.0,387.125
360872,2020-11-12,Morris,Texas,48343.0,248,5.0,343,Texas,Morris,12388,2001.937358734259,40.36164029706167,0.020161290322580645,0.0,0.0,0.0,9.225517782185534,0.0,8.0,387.125
360873,2020-11-13,Morris,Texas,48343.0,251,6.0,343,Texas,Morris,12388,2026.154342912496,48.433968356474004,0.02390438247011952,3.0,24.216984178237,8.072328059412335,8.072328059412355,1.1531897227731907,11.0,281.54545454545456
360874,2020-11-14,Morris,Texas,48343.0,251,6.0,343,Texas,Morris,12388,2026.154342912496,48.433968356474004,0.02390438247011952,0.0,0.0,0.0,8.072328059412355,1.1531897227731907,7.0,442.42857142857144
360875,2020-11-15,Morris,Texas,48343.0,251,6.0,343,Texas,Morris,12388,2026.154342912496,48.433968356474004,0.02390438247011952,0.0,0.0,0.0,5.765948613865963,1.1531897227731907,7.0,442.42857142857144
360876,2020-11-16,Morris,Texas,48343.0,252,6.0,343,Texas,Morris,12388,2034.2266709719083,48.433968356474004,0.023809523809523808,1.0,8.072328059412257,0.0,6.919138336639143,1.1531897227731907,6.0,516.1666666666667
360877,2020-11-17,Morris,Texas,48343.0,253,6.0,343,Texas,Morris,12388,2042.2989990313206,48.433968356474004,0.023715415019762844,1.0,8.072328059412257,0.0,6.919138336639143,1.1531897227731907,7.0,442.42857142857144
360878,2020-11-18,Morris,Texas,48343.0,257,8.0,343,Texas,Morris,12388,2074.5883112689703,64.57862447529867,0.0311284046692607,4.0,32.28931223764971,16.144656118824663,10.378707504958745,3.4595691683195713,10.0,309.7
360879,2020-11-19,Morris,Texas,48343.0,260,8.0,343,Texas,Morris,12388,2098.8052954472073,64.57862447529867,0.03076923076923077,3.0,24.216984178237,0.0,13.838276673278317,3.4595691683195713,12.0,258.08333333333337
360880,2020-11-20,Morris,Texas,48343.0,261,8.0,343,Texas,Morris,12388,2106.8776235066193,64.57862447529867,0.03065134099616858,1.0,8.07232805941203,0.0,11.531897227731893,2.3063794455463804,13.0,238.23076923076923
360881,2020-11-21,Morris,Texas,48343.0,265,8.0,343,Texas,Morris,12388,2139.1669357442684,64.57862447529867,0.03018867924528302,4.0,32.28931223764903,0.0,16.14465611882461,2.3063794455463804,14.0,221.21428571428572
360882,2020-11-22,Morris,Texas,48343.0,265,8.0,343,Texas,Morris,12388,2139.1669357442684,64.57862447529867,0.03018867924528302,0.0,0.0,0.0,16.14465611882461,2.3063794455463804,14.0,221.21428571428572
360883,2020-11-23,Morris,Texas,48343.0,265,8.0,343,Texas,Morris,12388,2139.1669357442684,64.57862447529867,0.03018867924528302,0.0,0.0,0.0,14.991466396051432,2.3063794455463804,14.0,221.21428571428572
360884,2020-11-24,Morris,Texas,48343.0,270,8.0,343,Texas,Morris,12388,2179.5285760413303,64.57862447529867,0.02962962962962963,5.0,40.36164029706197,0.0,19.60422528714425,2.3063794455463804,18.0,172.05555555555557
360885,2020-11-25,Morris,Texas,48343.0,271,8.0,343,Texas,Morris,12388,2187.6009041007424,64.57862447529867,0.02952029520295203,1.0,8.07232805941203,0.0,16.144656118824578,0.0,18.0,172.05555555555557
360886,2020-11-26,Morris,Texas,48343.0,272,8.0,343,Texas,Morris,12388,2195.673232160155,64.57862447529867,0.029411764705882353,1.0,8.072328059412484,0.0,13.83827667327822,0.0,15.0,206.46666666666667
360887,2020-11-27,Morris,Texas,48343.0,275,8.0,343,Texas,Morris,12388,2219.890216338392,64.57862447529867,0.02909090909090909,3.0,24.216984178237,0.0,16.144656118824646,0.0,15.0,206.46666666666667
360888,2020-11-28,Morris,Texas,48343.0,276,8.0,343,Texas,Morris,12388,2227.9625443978043,64.57862447529867,0.028985507246376812,1.0,8.072328059412484,0.0,12.685086950505138,0.0,15.0,206.46666666666667
360889,2020-11-29,Morris,Texas,48343.0,276,8.0,343,Texas,Morris,12388,2227.9625443978043,64.57862447529867,0.028985507246376812,0.0,0.0,0.0,12.685086950505138,0.0,11.0,281.54545454545456
360890,2020-11-30,Morris,Texas,48343.0,277,8.0,343,Texas,Morris,12388,2236.034872457217,64.57862447529867,0.02888086642599278,1.0,8.072328059412484,0.0,13.838276673278349,0.0,12.0,258.08333333333337
360891,2020-12-01,Morris,Texas,48343.0,278,8.0,343,Texas,Morris,12388,2244.107200516629,64.57862447529867,0.02877697841726619,1.0,8.07232805941203,0.0,9.225517782185502,0.0,13.0,238.23076923076923
360892,2020-12-02,Morris,Texas,48343.0,286,8.0,343,Texas,Morris,12388,2308.685824991928,64.57862447529867,0.027972027972027972,8.0,64.57862447529897,0.0,17.297845841597923,0.0,16.0,193.5625
360893,2020-12-03,Morris,Texas,48343.0,290,8.0,343,Texas,Morris,12388,2340.975137229577,64.57862447529867,0.027586206896551724,4.0,32.28931223764903,0.0,20.757415009917427,0.0,19.0,163.0
360894,2020-12-04,Morris,Texas,48343.0,290,8.0,343,Texas,Morris,12388,2340.975137229577,64.57862447529867,0.027586206896551724,0.0,0.0,0.0,17.297845841597855,0.0,18.0,172.05555555555557
360895,2020-12-05,Morris,Texas,48343.0,291,8.0,343,Texas,Morris,12388,2349.0474652889893,64.57862447529867,0.027491408934707903,1.0,8.072328059412484,0.0,17.297845841597855,0.0,16.0,193.5625
360896,2020-12-06,Morris,Texas,48343.0,291,8.0,343,Texas,Morris,12388,2349.0474652889893,64.57862447529867,0.027491408934707903,0.0,0.0,0.0,17.297845841597855,0.0,15.0,206.46666666666667
360897,2020-12-07,Morris,Texas,48343.0,291,8.0,343,Texas,Morris,12388,2349.0474652889893,64.57862447529867,0.027491408934707903,0.0,0.0,0.0,16.144656118824646,0.0,15.0,206.46666666666667
360898,2020-12-08,Morris,Texas,48343.0,295,8.0,343,Texas,Morris,12388,2381.336777526639,64.57862447529867,0.02711864406779661,4.0,32.28931223764948,0.0,19.60422528714428,0.0,18.0,172.05555555555557
360899,2020-12-09,Morris,Texas,48343.0,298,8.0,343,Texas,Morris,12388,2405.553761704876,64.57862447529867,0.026845637583892617,3.0,24.216984178237,0.0,13.838276673278285,0.0,20.0,154.85
360900,2020-12-10,Morris,Texas,48343.0,299,8.0,343,Texas,Morris,12388,2413.626089764288,64.57862447529867,0.026755852842809364,1.0,8.07232805941203,0.0,10.378707504958713,0.0,13.0,238.23076923076923
360901,2020-12-11,Morris,Texas,48343.0,416,8.0,343,Texas,Morris,12388,3358.088472715531,64.57862447529867,0.019230769230769232,117.0,944.4623829512434,0.0,145.30190506942205,0.0,126.0,24.57936507936508
360902,2020-12-12,Morris,Texas,48343.0,419,8.0,343,Texas,Morris,12388,3382.3054568937678,64.57862447529867,0.01909307875894988,3.0,24.216984178236544,0.0,147.60828451496835,0.0,129.0,24.007751937984494
360903,2020-12-13,Morris,Texas,48343.0,420,8.0,343,Texas,Morris,12388,3390.3777849531803,64.57862447529867,0.01904761904761905,1.0,8.072328059412484,0.0,148.76147423774157,0.0,129.0,24.007751937984494
360904,2020-12-14,Morris,Texas,48343.0,420,8.0,343,Texas,Morris,12388,3390.3777849531803,64.57862447529867,0.01904761904761905,0.0,0.0,0.0,148.76147423774157,0.0,129.0,24.007751937984494
360905,2020-12-15,Morris,Texas,48343.0,422,8.0,343,Texas,Morris,12388,3406.522441072005,64.57862447529867,0.018957345971563982,2.0,16.14465611882497,0.0,146.4550947921952,0.0,131.0,23.641221374045802
360906,2020-12-16,Morris,Texas,48343.0,427,8.0,343,Texas,Morris,12388,3446.884081369067,64.57862447529867,0.01873536299765808,5.0,40.36164029706197,0.0,148.76147423774162,0.0,132.0,23.46212121212121
360907,2020-12-17,Morris,Texas,48343.0,431,8.0,343,Texas,Morris,12388,3479.1733936067158,64.57862447529867,0.018561484918793503,4.0,32.28931223764857,0.0,152.22104340606114,0.0,133.0,23.285714285714285
360908,2020-12-18,Morris,Texas,48343.0,433,8.0,343,Texas,Morris,12388,3495.318049725541,64.57862447529867,0.018475750577367205,2.0,16.144656118825424,0.0,19.60422528714428,0.0,134.0,23.111940298507463
360909,2020-12-19,Morris,Texas,48343.0,438,8.0,343,Texas,Morris,12388,3535.6796900226027,64.57862447529867,0.0182648401826484,5.0,40.36164029706151,0.0,21.910604732690704,0.0,22.0,140.77272727272728
360910,2020-12-20,Morris,Texas,48343.0,442,8.0,343,Texas,Morris,12388,3567.9690022602517,64.57862447529867,0.01809954751131222,4.0,32.28931223764903,0.0,25.37017390101021,0.0,23.0,134.65217391304347
360911,2020-12-21,Morris,Texas,48343.0,442,8.0,343,Texas,Morris,12388,3567.9690022602517,64.57862447529867,0.01809954751131222,0.0,0.0,0.0,25.37017390101021,0.0,22.0,140.77272727272728
360912,2020-12-22,Morris,Texas,48343.0,444,8.0,343,Texas,Morris,12388,3584.1136583790767,64.57862447529867,0.018018018018018018,2.0,16.14465611882497,0.0,25.37017390101021,0.0,24.0,129.04166666666669
360913,2020-12-23,Morris,Texas,48343.0,448,8.0,343,Texas,Morris,12388,3616.4029706167257,64.57862447529867,0.017857142857142856,4.0,32.28931223764903,0.0,24.216984178236935,0.0,26.0,119.11538461538461
360914,2020-12-24,Morris,Texas,48343.0,455,8.0,343,Texas,Morris,12388,3672.9092670326118,64.57862447529867,0.017582417582417582,7.0,56.50629641588603,0.0,27.67655334655657,0.0,28.0,110.60714285714286
360915,2020-12-25,Morris,Texas,48343.0,455,8.0,343,Texas,Morris,12388,3672.9092670326118,64.57862447529867,0.017582417582417582,0.0,0.0,0.0,25.37017390101008,0.0,24.0,129.04166666666669
360916,2020-12-26,Morris,Texas,48343.0,459,8.0,343,Texas,Morris,12388,3705.1985792702612,64.57862447529867,0.017429193899782137,4.0,32.28931223764948,0.0,24.216984178236935,0.0,26.0,119.11538461538461
360917,2020-12-27,Morris,Texas,48343.0,475,8.0,343,Texas,Morris,12388,3834.355828220859,64.57862447529867,0.016842105263157894,16.0,129.15724895059793,0.0,38.05526085151535,0.0,37.0,83.70270270270271
360918,2020-12-28,Morris,Texas,48343.0,475,8.0,343,Texas,Morris,12388,3834.355828220859,64.57862447529867,0.016842105263157894,0.0,0.0,0.0,38.05526085151535,0.0,33.0,93.84848484848484
360919,2020-12-29,Morris,Texas,48343.0,481,8.0,343,Texas,Morris,12388,3882.789796577333,64.57862447529867,0.016632016632016633,6.0,48.433968356474,0.0,42.66801974260807,0.0,39.0,79.41025641025641
360920,2020-12-30,Morris,Texas,48343.0,485,10.0,343,Texas,Morris,12388,3915.0791088149826,80.72328059412334,0.020618556701030927,4.0,32.28931223764948,16.14465611882467,42.66801974260813,2.3063794455463813,41.0,75.53658536585365
360921,2020-12-31,Morris,Texas,48343.0,493,10.0,343,Texas,Morris,12388,3979.6577332902807,80.72328059412334,0.02028397565922921,8.0,64.57862447529806,0.0,43.82120946538128,2.3063794455463813,45.0,68.82222222222222
360922,2021-01-01,Morris,Texas,48343.0,498,11.0,343,Texas,Morris,12388,4020.0193735873427,88.79560865353568,0.02208835341365462,5.0,40.36164029706197,8.072328059412342,49.587158079247274,3.459569168319573,43.0,72.02325581395348
360923,2021-01-02,Morris,Texas,48343.0,510,11.0,343,Texas,Morris,12388,4116.887310300291,88.79560865353568,0.021568627450980392,12.0,96.867936712948,0.0,58.81267586143277,3.459569168319573,55.0,56.309090909090905
360924,2021-01-03,Morris,Texas,48343.0,527,11.0,343,Texas,Morris,12388,4254.116887310301,88.79560865353568,0.020872865275142316,17.0,137.22957701000996,0.0,59.96586558420592,3.459569168319573,68.0,45.54411764705882
360925,2021-01-04,Morris,Texas,48343.0,529,11.0,343,Texas,Morris,12388,4270.261543429125,88.79560865353568,0.020793950850661626,2.0,16.14465611882406,0.0,62.27224502975222,3.459569168319573,54.0,57.351851851851855
360926,2021-01-05,Morris,Texas,48343.0,535,11.0,343,Texas,Morris,12388,4318.695511785599,88.79560865353568,0.020560747663551402,6.0,48.433968356474,0.0,62.27224502975222,3.459569168319573,60.0,51.61666666666667
360927,2021-01-06,Morris,Texas,48343.0,545,11.0,343,Texas,Morris,12388,4399.418792379723,88.79560865353568,0.02018348623853211,10.0,80.72328059412393,0.0,69.19138336639142,1.1531897227731918,64.0,48.390625
360928,2021-01-07,Morris,Texas,48343.0,551,11.0,343,Texas,Morris,12388,4447.852760736197,88.79560865353568,0.019963702359346643,6.0,48.433968356474,0.0,66.88500392084514,1.1531897227731918,66.0,46.92424242424242
360929,2021-01-08,Morris,Texas,48343.0,569,11.0,343,Texas,Morris,12388,4593.154665805619,88.79560865353568,0.019332161687170474,18.0,145.301905069422,0.0,81.87647031689656,0.0,76.0,40.75
360930,2021-01-09,Morris,Texas,48343.0,579,11.0,343,Texas,Morris,12388,4673.877946399742,88.79560865353568,0.018998272884283247,10.0,80.72328059412303,0.0,79.57009087135013,0.0,81.0,38.23456790123457
360931,2021-01-10,Morris,Texas,48343.0,582,11.0,343,Texas,Morris,12388,4698.094930577979,88.79560865353568,0.018900343642611683,3.0,24.216984178237,0.0,63.425434752525426,0.0,72.0,43.01388888888889
360932,2021-01-11,Morris,Texas,48343.0,601,11.0,343,Texas,Morris,12388,4851.469163706814,88.79560865353568,0.018302828618968387,19.0,153.37423312883493,0.0,83.02966003966984,0.0,74.0,41.851351351351354
