,date,county,state,fips,cases,deaths,COUNTY,STNAME,CTYNAME,POPESTIMATE2019,cases_per_100k,deaths_per_100k,death_rate,new_cases,new_deaths,new_cases_ra,new_deaths_ra
368893,2020-03-25,Lincoln,Oregon,41041.0,1,0.0,41,Oregon,Lincoln,49962,2.0015211560786197,0.0,0.0,,,,
368894,2020-03-26,Lincoln,Oregon,41041.0,1,0.0,41,Oregon,Lincoln,49962,2.0015211560786197,0.0,0.0,0.0,0.0,,
368895,2020-03-27,Lincoln,Oregon,41041.0,1,0.0,41,Oregon,Lincoln,49962,2.0015211560786197,0.0,0.0,0.0,0.0,,
368896,2020-03-28,Lincoln,Oregon,41041.0,1,0.0,41,Oregon,Lincoln,49962,2.0015211560786197,0.0,0.0,0.0,0.0,,
368897,2020-03-29,Lincoln,Oregon,41041.0,1,0.0,41,Oregon,Lincoln,49962,2.0015211560786197,0.0,0.0,0.0,0.0,,
368898,2020-03-30,Lincoln,Oregon,41041.0,1,0.0,41,Oregon,Lincoln,49962,2.0015211560786197,0.0,0.0,0.0,0.0,,
368899,2020-03-31,Lincoln,Oregon,41041.0,2,0.0,41,Oregon,Lincoln,49962,4.003042312157239,0.0,0.0,2.0015211560786197,0.0,,
368900,2020-04-01,Lincoln,Oregon,41041.0,3,0.0,41,Oregon,Lincoln,49962,6.004563468235859,0.0,0.0,2.0015211560786197,0.0,0.5718631874510341,0.0
368901,2020-04-02,Lincoln,Oregon,41041.0,4,0.0,41,Oregon,Lincoln,49962,8.006084624314479,0.0,0.0,2.0015211560786197,0.0,0.8577947811765513,0.0
368902,2020-04-03,Lincoln,Oregon,41041.0,4,0.0,41,Oregon,Lincoln,49962,8.006084624314479,0.0,0.0,0.0,0.0,0.8577947811765513,0.0
368903,2020-04-04,Lincoln,Oregon,41041.0,4,0.0,41,Oregon,Lincoln,49962,8.006084624314479,0.0,0.0,0.0,0.0,0.8577947811765513,0.0
368904,2020-04-05,Lincoln,Oregon,41041.0,4,0.0,41,Oregon,Lincoln,49962,8.006084624314479,0.0,0.0,0.0,0.0,0.8577947811765513,0.0
368905,2020-04-06,Lincoln,Oregon,41041.0,4,0.0,41,Oregon,Lincoln,49962,8.006084624314479,0.0,0.0,0.0,0.0,0.8577947811765513,0.0
368906,2020-04-07,Lincoln,Oregon,41041.0,4,0.0,41,Oregon,Lincoln,49962,8.006084624314479,0.0,0.0,0.0,0.0,0.5718631874510341,0.0
368907,2020-04-08,Lincoln,Oregon,41041.0,4,0.0,41,Oregon,Lincoln,49962,8.006084624314479,0.0,0.0,0.0,0.0,0.2859315937255171,0.0
368908,2020-04-09,Lincoln,Oregon,41041.0,4,0.0,41,Oregon,Lincoln,49962,8.006084624314479,0.0,0.0,0.0,0.0,0.0,0.0
368909,2020-04-10,Lincoln,Oregon,41041.0,4,0.0,41,Oregon,Lincoln,49962,8.006084624314479,0.0,0.0,0.0,0.0,0.0,0.0
368910,2020-04-11,Lincoln,Oregon,41041.0,4,0.0,41,Oregon,Lincoln,49962,8.006084624314479,0.0,0.0,0.0,0.0,0.0,0.0
368911,2020-04-12,Lincoln,Oregon,41041.0,4,0.0,41,Oregon,Lincoln,49962,8.006084624314479,0.0,0.0,0.0,0.0,0.0,0.0
368912,2020-04-13,Lincoln,Oregon,41041.0,4,0.0,41,Oregon,Lincoln,49962,8.006084624314479,0.0,0.0,0.0,0.0,0.0,0.0
368913,2020-04-14,Lincoln,Oregon,41041.0,4,0.0,41,Oregon,Lincoln,49962,8.006084624314479,0.0,0.0,0.0,0.0,0.0,0.0
368914,2020-04-15,Lincoln,Oregon,41041.0,4,0.0,41,Oregon,Lincoln,49962,8.006084624314479,0.0,0.0,0.0,0.0,0.0,0.0
368915,2020-04-16,Lincoln,Oregon,41041.0,4,0.0,41,Oregon,Lincoln,49962,8.006084624314479,0.0,0.0,0.0,0.0,0.0,0.0
368916,2020-04-17,Lincoln,Oregon,41041.0,4,0.0,41,Oregon,Lincoln,49962,8.006084624314479,0.0,0.0,0.0,0.0,0.0,0.0
368917,2020-04-18,Lincoln,Oregon,41041.0,4,0.0,41,Oregon,Lincoln,49962,8.006084624314479,0.0,0.0,0.0,0.0,0.0,0.0
368918,2020-04-19,Lincoln,Oregon,41041.0,4,0.0,41,Oregon,Lincoln,49962,8.006084624314479,0.0,0.0,0.0,0.0,0.0,0.0
368919,2020-04-20,Lincoln,Oregon,41041.0,5,0.0,41,Oregon,Lincoln,49962,10.0076057803931,0.0,0.0,2.0015211560786206,0.0,0.28593159372551724,0.0
368920,2020-04-21,Lincoln,Oregon,41041.0,5,0.0,41,Oregon,Lincoln,49962,10.0076057803931,0.0,0.0,0.0,0.0,0.28593159372551724,0.0
368921,2020-04-22,Lincoln,Oregon,41041.0,5,0.0,41,Oregon,Lincoln,49962,10.0076057803931,0.0,0.0,0.0,0.0,0.28593159372551724,0.0
368922,2020-04-23,Lincoln,Oregon,41041.0,5,0.0,41,Oregon,Lincoln,49962,10.0076057803931,0.0,0.0,0.0,0.0,0.28593159372551724,0.0
368923,2020-04-24,Lincoln,Oregon,41041.0,5,0.0,41,Oregon,Lincoln,49962,10.0076057803931,0.0,0.0,0.0,0.0,0.28593159372551724,0.0
368924,2020-04-25,Lincoln,Oregon,41041.0,5,0.0,41,Oregon,Lincoln,49962,10.0076057803931,0.0,0.0,0.0,0.0,0.28593159372551724,0.0
368925,2020-04-26,Lincoln,Oregon,41041.0,5,0.0,41,Oregon,Lincoln,49962,10.0076057803931,0.0,0.0,0.0,0.0,0.28593159372551724,0.0
368926,2020-04-27,Lincoln,Oregon,41041.0,5,0.0,41,Oregon,Lincoln,49962,10.0076057803931,0.0,0.0,0.0,0.0,0.0,0.0
368927,2020-04-28,Lincoln,Oregon,41041.0,5,0.0,41,Oregon,Lincoln,49962,10.0076057803931,0.0,0.0,0.0,0.0,0.0,0.0
368928,2020-04-29,Lincoln,Oregon,41041.0,5,0.0,41,Oregon,Lincoln,49962,10.0076057803931,0.0,0.0,0.0,0.0,0.0,0.0
368929,2020-04-30,Lincoln,Oregon,41041.0,5,0.0,41,Oregon,Lincoln,49962,10.0076057803931,0.0,0.0,0.0,0.0,0.0,0.0
368930,2020-05-01,Lincoln,Oregon,41041.0,5,0.0,41,Oregon,Lincoln,49962,10.0076057803931,0.0,0.0,0.0,0.0,0.0,0.0
368931,2020-05-02,Lincoln,Oregon,41041.0,5,0.0,41,Oregon,Lincoln,49962,10.0076057803931,0.0,0.0,0.0,0.0,0.0,0.0
368932,2020-05-03,Lincoln,Oregon,41041.0,5,0.0,41,Oregon,Lincoln,49962,10.0076057803931,0.0,0.0,0.0,0.0,0.0,0.0
368933,2020-05-04,Lincoln,Oregon,41041.0,5,0.0,41,Oregon,Lincoln,49962,10.0076057803931,0.0,0.0,0.0,0.0,0.0,0.0
368934,2020-05-05,Lincoln,Oregon,41041.0,5,0.0,41,Oregon,Lincoln,49962,10.0076057803931,0.0,0.0,0.0,0.0,0.0,0.0
368935,2020-05-06,Lincoln,Oregon,41041.0,6,0.0,41,Oregon,Lincoln,49962,12.009126936471718,0.0,0.0,2.001521156078619,0.0,0.28593159372551696,0.0
368936,2020-05-07,Lincoln,Oregon,41041.0,6,0.0,41,Oregon,Lincoln,49962,12.009126936471718,0.0,0.0,0.0,0.0,0.28593159372551696,0.0
368937,2020-05-08,Lincoln,Oregon,41041.0,6,0.0,41,Oregon,Lincoln,49962,12.009126936471718,0.0,0.0,0.0,0.0,0.28593159372551696,0.0
368938,2020-05-09,Lincoln,Oregon,41041.0,6,0.0,41,Oregon,Lincoln,49962,12.009126936471718,0.0,0.0,0.0,0.0,0.28593159372551696,0.0
368939,2020-05-10,Lincoln,Oregon,41041.0,6,0.0,41,Oregon,Lincoln,49962,12.009126936471718,0.0,0.0,0.0,0.0,0.28593159372551696,0.0
368940,2020-05-11,Lincoln,Oregon,41041.0,6,0.0,41,Oregon,Lincoln,49962,12.009126936471718,0.0,0.0,0.0,0.0,0.28593159372551696,0.0
368941,2020-05-12,Lincoln,Oregon,41041.0,6,0.0,41,Oregon,Lincoln,49962,12.009126936471718,0.0,0.0,0.0,0.0,0.28593159372551696,0.0
368942,2020-05-13,Lincoln,Oregon,41041.0,6,0.0,41,Oregon,Lincoln,49962,12.009126936471718,0.0,0.0,0.0,0.0,0.0,0.0
368943,2020-05-14,Lincoln,Oregon,41041.0,6,0.0,41,Oregon,Lincoln,49962,12.009126936471718,0.0,0.0,0.0,0.0,0.0,0.0
368944,2020-05-15,Lincoln,Oregon,41041.0,7,0.0,41,Oregon,Lincoln,49962,14.010648092550339,0.0,0.0,2.0015211560786206,0.0,0.28593159372551724,0.0
368945,2020-05-16,Lincoln,Oregon,41041.0,7,0.0,41,Oregon,Lincoln,49962,14.010648092550339,0.0,0.0,0.0,0.0,0.28593159372551724,0.0
368946,2020-05-17,Lincoln,Oregon,41041.0,8,0.0,41,Oregon,Lincoln,49962,16.012169248628958,0.0,0.0,2.001521156078619,0.0,0.5718631874510341,0.0
368947,2020-05-18,Lincoln,Oregon,41041.0,8,0.0,41,Oregon,Lincoln,49962,16.012169248628958,0.0,0.0,0.0,0.0,0.5718631874510341,0.0
368948,2020-05-19,Lincoln,Oregon,41041.0,8,0.0,41,Oregon,Lincoln,49962,16.012169248628958,0.0,0.0,0.0,0.0,0.5718631874510341,0.0
368949,2020-05-20,Lincoln,Oregon,41041.0,8,0.0,41,Oregon,Lincoln,49962,16.012169248628958,0.0,0.0,0.0,0.0,0.5718631874510341,0.0
368950,2020-05-21,Lincoln,Oregon,41041.0,8,0.0,41,Oregon,Lincoln,49962,16.012169248628958,0.0,0.0,0.0,0.0,0.5718631874510341,0.0
368951,2020-05-22,Lincoln,Oregon,41041.0,8,0.0,41,Oregon,Lincoln,49962,16.012169248628958,0.0,0.0,0.0,0.0,0.28593159372551696,0.0
368952,2020-05-23,Lincoln,Oregon,41041.0,8,0.0,41,Oregon,Lincoln,49962,16.012169248628958,0.0,0.0,0.0,0.0,0.28593159372551696,0.0
368953,2020-05-24,Lincoln,Oregon,41041.0,9,0.0,41,Oregon,Lincoln,49962,18.013690404707578,0.0,0.0,2.0015211560786206,0.0,0.28593159372551724,0.0
368954,2020-05-25,Lincoln,Oregon,41041.0,9,0.0,41,Oregon,Lincoln,49962,18.013690404707578,0.0,0.0,0.0,0.0,0.28593159372551724,0.0
368955,2020-05-26,Lincoln,Oregon,41041.0,9,0.0,41,Oregon,Lincoln,49962,18.013690404707578,0.0,0.0,0.0,0.0,0.28593159372551724,0.0
368956,2020-05-27,Lincoln,Oregon,41041.0,11,0.0,41,Oregon,Lincoln,49962,22.016732716864816,0.0,0.0,4.003042312157238,0.0,0.8577947811765512,0.0
368957,2020-05-28,Lincoln,Oregon,41041.0,10,0.0,41,Oregon,Lincoln,49962,20.0152115607862,0.0,0.0,-2.001521156078617,0.0,0.5718631874510345,0.0
368958,2020-05-29,Lincoln,Oregon,41041.0,12,0.0,41,Oregon,Lincoln,49962,24.018253872943436,0.0,0.0,4.003042312157238,0.0,1.1437263749020683,0.0
368959,2020-05-30,Lincoln,Oregon,41041.0,12,0.0,41,Oregon,Lincoln,49962,24.018253872943436,0.0,0.0,0.0,0.0,1.1437263749020683,0.0
368960,2020-05-31,Lincoln,Oregon,41041.0,12,0.0,41,Oregon,Lincoln,49962,24.018253872943436,0.0,0.0,0.0,0.0,0.8577947811765512,0.0
368961,2020-06-01,Lincoln,Oregon,41041.0,15,0.0,41,Oregon,Lincoln,49962,30.022817341179294,0.0,0.0,6.004563468235858,0.0,1.7155895623531023,0.0
368962,2020-06-02,Lincoln,Oregon,41041.0,17,0.0,41,Oregon,Lincoln,49962,34.02585965333654,0.0,0.0,4.003042312157245,0.0,2.2874527498041375,0.0
368963,2020-06-03,Lincoln,Oregon,41041.0,18,0.0,41,Oregon,Lincoln,49962,36.027380809415156,0.0,0.0,2.001521156078617,0.0,2.00152115607862,0.0
368964,2020-06-04,Lincoln,Oregon,41041.0,23,0.0,41,Oregon,Lincoln,49962,46.034986589808256,0.0,0.0,10.0076057803931,0.0,3.7171107184317225,0.0
368965,2020-06-05,Lincoln,Oregon,41041.0,27,0.0,41,Oregon,Lincoln,49962,54.04107121412274,0.0,0.0,8.006084624314482,0.0,4.288973905882758,0.0
368966,2020-06-06,Lincoln,Oregon,41041.0,33,0.0,41,Oregon,Lincoln,49962,66.05019815059445,0.0,0.0,12.009126936471716,0.0,6.00456346823586,0.0
368967,2020-06-07,Lincoln,Oregon,41041.0,94,0.0,41,Oregon,Lincoln,49962,188.14298867139027,0.0,0.0,122.09279052079582,0.0,23.446390685492407,0.0
368968,2020-06-08,Lincoln,Oregon,41041.0,155,0.0,41,Oregon,Lincoln,49962,310.23577919218604,0.0,0.0,122.09279052079577,0.0,40.03042312157239,0.0
368969,2020-06-09,Lincoln,Oregon,41041.0,157,0.0,41,Oregon,Lincoln,49962,314.2388215043433,0.0,0.0,4.003042312157277,0.0,40.030423121572404,0.0
368970,2020-06-10,Lincoln,Oregon,41041.0,161,0.0,41,Oregon,Lincoln,49962,322.24490612865776,0.0,0.0,8.00608462431444,0.0,40.88821790274894,0.0
368971,2020-06-11,Lincoln,Oregon,41041.0,170,0.0,41,Oregon,Lincoln,49962,340.25859653336533,0.0,0.0,18.013690404707575,0.0,42.031944277651014,0.0
368972,2020-06-12,Lincoln,Oregon,41041.0,184,0.0,41,Oregon,Lincoln,49962,368.27989271846604,0.0,0.0,28.02129618510071,0.0,44.89126021490619,0.0
368973,2020-06-13,Lincoln,Oregon,41041.0,198,0.0,41,Oregon,Lincoln,49962,396.3011889035667,0.0,0.0,28.021296185100653,0.0,47.17871296471032,0.0
368974,2020-06-14,Lincoln,Oregon,41041.0,206,0.0,41,Oregon,Lincoln,49962,412.3133581521957,0.0,0.0,16.012169248628993,0.0,32.02433849725792,0.0
368975,2020-06-15,Lincoln,Oregon,41041.0,206,0.0,41,Oregon,Lincoln,49962,412.3133581521957,0.0,0.0,0.0,0.0,14.582511280001382,0.0
368976,2020-06-16,Lincoln,Oregon,41041.0,223,0.0,41,Oregon,Lincoln,49962,446.3392178055322,0.0,0.0,34.02585965333651,0.0,18.87148518588413,0.0
368977,2020-06-17,Lincoln,Oregon,41041.0,226,0.0,41,Oregon,Lincoln,49962,452.3437812737681,0.0,0.0,6.004563468235915,0.0,18.585553592158625,0.0
368978,2020-06-18,Lincoln,Oregon,41041.0,230,0.0,41,Oregon,Lincoln,49962,460.34986589808256,0.0,0.0,8.00608462431444,0.0,17.155895623531034,0.0
368979,2020-06-19,Lincoln,Oregon,41041.0,261,0.0,41,Oregon,Lincoln,49962,522.3970217365197,0.0,0.0,62.04715583843716,0.0,22.016732716864816,0.0
368980,2020-06-20,Lincoln,Oregon,41041.0,261,0.0,41,Oregon,Lincoln,49962,522.3970217365197,0.0,0.0,0.0,0.0,18.013690404707578,0.0
368981,2020-06-21,Lincoln,Oregon,41041.0,286,0.0,41,Oregon,Lincoln,49962,572.4350506384853,0.0,0.0,50.03802890196562,0.0,22.87452749804138,0.0
368982,2020-06-22,Lincoln,Oregon,41041.0,292,1.0,41,Oregon,Lincoln,49962,584.4441775749569,2.0015211560786197,0.003424657534246575,12.009126936471603,2.0015211560786197,24.59011706039447,0.2859315937255171
368983,2020-06-23,Lincoln,Oregon,41041.0,292,1.0,41,Oregon,Lincoln,49962,584.4441775749569,2.0015211560786197,0.003424657534246575,0.0,0.0,19.72927996706068,0.2859315937255171
368984,2020-06-24,Lincoln,Oregon,41041.0,301,2.0,41,Oregon,Lincoln,49962,602.4578679796646,4.003042312157239,0.006644518272425249,18.01369040470763,2.0015211560786197,21.444869529413783,0.5718631874510341
368985,2020-06-25,Lincoln,Oregon,41041.0,301,2.0,41,Oregon,Lincoln,49962,602.4578679796646,4.003042312157239,0.006644518272425249,0.0,0.0,20.30114315451172,0.5718631874510341
368986,2020-06-26,Lincoln,Oregon,41041.0,301,2.0,41,Oregon,Lincoln,49962,602.4578679796646,4.003042312157239,0.006644518272425249,0.0,0.0,11.437263749020698,0.5718631874510341
368987,2020-06-27,Lincoln,Oregon,41041.0,307,2.0,41,Oregon,Lincoln,49962,614.4669949161363,4.003042312157239,0.006514657980456026,12.009126936471716,0.0,13.1528533113738,0.5718631874510341
368988,2020-06-28,Lincoln,Oregon,41041.0,310,2.0,41,Oregon,Lincoln,49962,620.4715583843721,4.003042312157239,0.0064516129032258064,6.004563468235801,0.0,6.862358249412397,0.5718631874510341
368989,2020-06-29,Lincoln,Oregon,41041.0,310,2.0,41,Oregon,Lincoln,49962,620.4715583843721,4.003042312157239,0.0064516129032258064,0.0,0.0,5.1467686870593115,0.2859315937255171
368990,2020-06-30,Lincoln,Oregon,41041.0,312,2.0,41,Oregon,Lincoln,49962,624.4746006965294,4.003042312157239,0.00641025641025641,4.003042312157277,0.0,5.718631874510351,0.2859315937255171
368991,2020-07-01,Lincoln,Oregon,41041.0,324,2.0,41,Oregon,Lincoln,49962,648.4928545694728,4.003042312157239,0.006172839506172839,24.018253872943433,0.0,6.576426655686894,0.0
368992,2020-07-02,Lincoln,Oregon,41041.0,327,2.0,41,Oregon,Lincoln,49962,654.4974180377087,4.003042312157239,0.0061162079510703364,6.004563468235915,0.0,7.434221436863453,0.0
368993,2020-07-03,Lincoln,Oregon,41041.0,345,2.0,41,Oregon,Lincoln,49962,690.5247988471237,4.003042312157239,0.005797101449275362,36.027380809415035,0.0,12.580990123922744,0.0
368994,2020-07-04,Lincoln,Oregon,41041.0,346,3.0,41,Oregon,Lincoln,49962,692.5263200032024,6.004563468235859,0.008670520231213872,2.0015211560786383,2.0015211560786197,11.151332155295162,0.2859315937255171
368995,2020-07-05,Lincoln,Oregon,41041.0,346,4.0,41,Oregon,Lincoln,49962,692.5263200032024,8.006084624314479,0.011560693641618497,0.0,2.0015211560786197,10.293537374118618,0.5718631874510341
368996,2020-07-06,Lincoln,Oregon,41041.0,346,4.0,41,Oregon,Lincoln,49962,692.5263200032024,8.006084624314479,0.011560693641618497,0.0,0.0,10.293537374118618,0.5718631874510341
368997,2020-07-07,Lincoln,Oregon,41041.0,346,4.0,41,Oregon,Lincoln,49962,692.5263200032024,8.006084624314479,0.011560693641618497,0.0,0.0,9.72167418666758,0.5718631874510341
368998,2020-07-08,Lincoln,Oregon,41041.0,349,4.0,41,Oregon,Lincoln,49962,698.5308834714383,8.006084624314479,0.011461318051575931,6.004563468235915,0.0,7.148289843137933,0.5718631874510341
368999,2020-07-09,Lincoln,Oregon,41041.0,363,4.0,41,Oregon,Lincoln,49962,726.552179656539,8.006084624314479,0.011019283746556474,28.02129618510071,0.0,10.293537374118618,0.5718631874510341
369000,2020-07-10,Lincoln,Oregon,41041.0,362,5.0,41,Oregon,Lincoln,49962,724.5506585004604,10.0076057803931,0.013812154696132596,-2.0015211560786383,2.0015211560786206,4.860837093333807,0.8577947811765514
369001,2020-07-11,Lincoln,Oregon,41041.0,361,5.0,41,Oregon,Lincoln,49962,722.5491373443817,10.0076057803931,0.013850415512465374,-2.0015211560786383,0.0,4.288973905882768,0.5718631874510344
369002,2020-07-12,Lincoln,Oregon,41041.0,361,5.0,41,Oregon,Lincoln,49962,722.5491373443817,10.0076057803931,0.013850415512465374,0.0,0.0,4.288973905882768,0.28593159372551724
369003,2020-07-13,Lincoln,Oregon,41041.0,361,5.0,41,Oregon,Lincoln,49962,722.5491373443817,10.0076057803931,0.013850415512465374,0.0,0.0,4.288973905882768,0.28593159372551724
369004,2020-07-14,Lincoln,Oregon,41041.0,360,7.0,41,Oregon,Lincoln,49962,720.5476161883031,14.010648092550339,0.019444444444444445,-2.0015211560786383,4.003042312157239,4.003042312157248,0.8577947811765514
369005,2020-07-15,Lincoln,Oregon,41041.0,362,7.0,41,Oregon,Lincoln,49962,724.5506585004604,14.010648092550339,0.019337016574585635,4.003042312157277,0.0,3.7171107184317287,0.8577947811765514
369006,2020-07-16,Lincoln,Oregon,41041.0,364,7.0,41,Oregon,Lincoln,49962,728.5537008126175,14.010648092550339,0.019230769230769232,4.003042312157163,0.0,0.2859315937255076,0.8577947811765514
369007,2020-07-17,Lincoln,Oregon,41041.0,365,7.0,41,Oregon,Lincoln,49962,730.5552219686962,14.010648092550339,0.019178082191780823,2.0015211560786383,0.0,0.8577947811765471,0.5718631874510341
369008,2020-07-18,Lincoln,Oregon,41041.0,368,8.0,41,Oregon,Lincoln,49962,736.5597854369321,16.012169248628958,0.021739130434782608,6.004563468235915,2.001521156078619,2.0015211560786264,0.8577947811765512
369009,2020-07-19,Lincoln,Oregon,41041.0,369,8.0,41,Oregon,Lincoln,49962,738.5613065930107,16.012169248628958,0.02168021680216802,2.0015211560786383,0.0,2.287452749804146,0.8577947811765512
369010,2020-07-20,Lincoln,Oregon,41041.0,371,8.0,41,Oregon,Lincoln,49962,742.5643489051679,16.012169248628958,0.0215633423180593,4.003042312157163,0.0,2.859315937255169,0.8577947811765512
369011,2020-07-21,Lincoln,Oregon,41041.0,371,8.0,41,Oregon,Lincoln,49962,742.5643489051679,16.012169248628958,0.0215633423180593,0.0,0.0,3.145247530980689,0.28593159372551696
369012,2020-07-22,Lincoln,Oregon,41041.0,373,8.0,41,Oregon,Lincoln,49962,746.5673912173252,16.012169248628958,0.021447721179624665,4.003042312157277,0.0,3.145247530980689,0.28593159372551696
369013,2020-07-23,Lincoln,Oregon,41041.0,378,8.0,41,Oregon,Lincoln,49962,756.5749969977182,16.012169248628958,0.021164021164021163,10.007605780393078,0.0,4.003042312157248,0.28593159372551696
369014,2020-07-24,Lincoln,Oregon,41041.0,377,8.0,41,Oregon,Lincoln,49962,754.5734758416397,16.012169248628958,0.021220159151193633,-2.0015211560785247,0.0,3.431179124706225,0.28593159372551696
369015,2020-07-25,Lincoln,Oregon,41041.0,379,8.0,41,Oregon,Lincoln,49962,758.5765181537969,16.012169248628958,0.021108179419525065,4.003042312157163,0.0,3.145247530980689,0.0
369016,2020-07-26,Lincoln,Oregon,41041.0,380,8.0,41,Oregon,Lincoln,49962,760.5780393098755,16.012169248628958,0.021052631578947368,2.0015211560786383,0.0,3.145247530980689,0.0
369017,2020-07-27,Lincoln,Oregon,41041.0,381,8.0,41,Oregon,Lincoln,49962,762.5795604659542,16.012169248628958,0.02099737532808399,2.0015211560786383,0.0,2.8593159372551855,0.0
369018,2020-07-28,Lincoln,Oregon,41041.0,381,8.0,41,Oregon,Lincoln,49962,762.5795604659542,16.012169248628958,0.02099737532808399,0.0,0.0,2.8593159372551855,0.0
369019,2020-07-29,Lincoln,Oregon,41041.0,383,8.0,41,Oregon,Lincoln,49962,766.5826027781114,16.012169248628958,0.020887728459530026,4.003042312157277,0.0,2.8593159372551855,0.0
369020,2020-07-30,Lincoln,Oregon,41041.0,385,8.0,41,Oregon,Lincoln,49962,770.5856450902686,16.012169248628958,0.02077922077922078,4.003042312157163,0.0,2.0015211560786264,0.0
369021,2020-07-31,Lincoln,Oregon,41041.0,391,9.0,41,Oregon,Lincoln,49962,782.5947720267403,18.013690404707578,0.023017902813299233,12.009126936471716,2.0015211560786206,4.003042312157232,0.28593159372551724
369022,2020-08-01,Lincoln,Oregon,41041.0,391,9.0,41,Oregon,Lincoln,49962,782.5947720267403,18.013690404707578,0.023017902813299233,0.0,0.0,3.4311791247062087,0.28593159372551724
369023,2020-08-02,Lincoln,Oregon,41041.0,391,9.0,41,Oregon,Lincoln,49962,782.5947720267403,18.013690404707578,0.023017902813299233,0.0,0.0,3.145247530980689,0.28593159372551724
369024,2020-08-03,Lincoln,Oregon,41041.0,395,9.0,41,Oregon,Lincoln,49962,790.6008566510548,18.013690404707578,0.02278481012658228,8.00608462431444,0.0,4.003042312157232,0.28593159372551724
369025,2020-08-04,Lincoln,Oregon,41041.0,395,9.0,41,Oregon,Lincoln,49962,790.6008566510548,18.013690404707578,0.02278481012658228,0.0,0.0,4.003042312157232,0.28593159372551724
369026,2020-08-05,Lincoln,Oregon,41041.0,414,9.0,41,Oregon,Lincoln,49962,828.6297586165485,18.013690404707578,0.021739130434782608,38.02890196549379,0.0,8.86387940549102,0.28593159372551724
369027,2020-08-06,Lincoln,Oregon,41041.0,411,9.0,41,Oregon,Lincoln,49962,822.6251951483127,18.013690404707578,0.021897810218978103,-6.004563468235801,0.0,7.434221436863453,0.28593159372551724
369028,2020-08-07,Lincoln,Oregon,41041.0,412,9.0,41,Oregon,Lincoln,49962,824.6267163043914,18.013690404707578,0.021844660194174758,2.0015211560786383,0.0,6.004563468235871,0.0
369029,2020-08-08,Lincoln,Oregon,41041.0,414,9.0,41,Oregon,Lincoln,49962,828.6297586165485,18.013690404707578,0.021739130434782608,4.003042312157163,0.0,6.576426655686894,0.0
369030,2020-08-09,Lincoln,Oregon,41041.0,416,9.0,41,Oregon,Lincoln,49962,832.6328009287058,18.013690404707578,0.021634615384615384,4.003042312157277,0.0,7.148289843137933,0.0
369031,2020-08-10,Lincoln,Oregon,41041.0,418,9.0,41,Oregon,Lincoln,49962,836.6358432408631,18.013690404707578,0.0215311004784689,4.003042312157277,0.0,6.57642665568691,0.0
369032,2020-08-11,Lincoln,Oregon,41041.0,419,9.0,41,Oregon,Lincoln,49962,838.6373643969416,18.013690404707578,0.021479713603818614,2.0015211560785247,0.0,6.862358249412414,0.0
369033,2020-08-12,Lincoln,Oregon,41041.0,421,9.0,41,Oregon,Lincoln,49962,842.6404067090989,18.013690404707578,0.021377672209026127,4.003042312157277,0.0,2.0015211560786264,0.0
369034,2020-08-13,Lincoln,Oregon,41041.0,428,9.0,41,Oregon,Lincoln,49962,856.6510548016493,18.013690404707578,0.02102803738317757,14.010648092550355,0.0,4.860837093333791,0.0
369035,2020-08-14,Lincoln,Oregon,41041.0,431,9.0,41,Oregon,Lincoln,49962,862.6556182698852,18.013690404707578,0.02088167053364269,6.004563468235915,0.0,5.432700280784831,0.0
369036,2020-08-15,Lincoln,Oregon,41041.0,437,9.0,41,Oregon,Lincoln,49962,874.6647452063569,18.013690404707578,0.020594965675057208,12.009126936471716,0.0,6.57642665568691,0.0
369037,2020-08-16,Lincoln,Oregon,41041.0,438,9.0,41,Oregon,Lincoln,49962,876.6662663624355,18.013690404707578,0.02054794520547945,2.0015211560786383,0.0,6.29049506196139,0.0
369038,2020-08-17,Lincoln,Oregon,41041.0,440,9.0,41,Oregon,Lincoln,49962,880.6693086745927,18.013690404707578,0.020454545454545454,4.003042312157163,0.0,6.290495061961374,0.0
369039,2020-08-18,Lincoln,Oregon,41041.0,440,11.0,41,Oregon,Lincoln,49962,880.6693086745927,22.016732716864816,0.025,0.0,4.003042312157238,6.004563468235871,0.5718631874510339
369040,2020-08-19,Lincoln,Oregon,41041.0,440,11.0,41,Oregon,Lincoln,49962,880.6693086745927,22.016732716864816,0.025,0.0,0.0,5.432700280784831,0.5718631874510339
369041,2020-08-20,Lincoln,Oregon,41041.0,444,11.0,41,Oregon,Lincoln,49962,888.6753932989072,22.016732716864816,0.024774774774774775,8.006084624314553,0.0,4.574905499608287,0.5718631874510339
369042,2020-08-21,Lincoln,Oregon,41041.0,450,11.0,41,Oregon,Lincoln,49962,900.684520235379,22.016732716864816,0.024444444444444446,12.009126936471716,0.0,5.432700280784831,0.5718631874510339
369043,2020-08-22,Lincoln,Oregon,41041.0,453,11.0,41,Oregon,Lincoln,49962,906.6890837036148,22.016732716864816,0.024282560706401765,6.004563468235801,0.0,4.574905499608271,0.5718631874510339
369044,2020-08-23,Lincoln,Oregon,41041.0,453,11.0,41,Oregon,Lincoln,49962,906.6890837036148,22.016732716864816,0.024282560706401765,0.0,0.0,4.288973905882751,0.5718631874510339
369045,2020-08-24,Lincoln,Oregon,41041.0,453,11.0,41,Oregon,Lincoln,49962,906.6890837036148,22.016732716864816,0.024282560706401765,0.0,0.0,3.7171107184317287,0.5718631874510339
369046,2020-08-25,Lincoln,Oregon,41041.0,456,13.0,41,Oregon,Lincoln,49962,912.6936471718507,26.019775029022057,0.02850877192982456,6.004563468235915,4.003042312157241,4.574905499608287,0.5718631874510345
369047,2020-08-26,Lincoln,Oregon,41041.0,458,13.0,41,Oregon,Lincoln,49962,916.696689484008,26.019775029022057,0.028384279475982533,4.003042312157277,0.0,5.146768687059327,0.5718631874510345
369048,2020-08-27,Lincoln,Oregon,41041.0,459,13.0,41,Oregon,Lincoln,49962,918.6982106400866,26.019775029022057,0.02832244008714597,2.0015211560786383,0.0,4.288973905882768,0.5718631874510345
369049,2020-08-28,Lincoln,Oregon,41041.0,463,13.0,41,Oregon,Lincoln,49962,926.704295264401,26.019775029022057,0.028077753779697623,8.00608462431444,0.0,3.7171107184317287,0.5718631874510345
369050,2020-08-29,Lincoln,Oregon,41041.0,464,13.0,41,Oregon,Lincoln,49962,928.7058164204797,26.019775029022057,0.028017241379310345,2.0015211560786383,0.0,3.145247530980705,0.5718631874510345
369051,2020-08-30,Lincoln,Oregon,41041.0,465,13.0,41,Oregon,Lincoln,49962,930.7073375765583,26.019775029022057,0.02795698924731183,2.0015211560786383,0.0,3.431179124706225,0.5718631874510345
369052,2020-08-31,Lincoln,Oregon,41041.0,466,13.0,41,Oregon,Lincoln,49962,932.7088587326368,26.019775029022057,0.027896995708154508,2.0015211560785247,0.0,3.7171107184317287,0.5718631874510345
369053,2020-09-01,Lincoln,Oregon,41041.0,466,13.0,41,Oregon,Lincoln,49962,932.7088587326368,26.019775029022057,0.027896995708154508,0.0,0.0,2.859315937255169,0.0
369054,2020-09-02,Lincoln,Oregon,41041.0,466,13.0,41,Oregon,Lincoln,49962,932.7088587326368,26.019775029022057,0.027896995708154508,0.0,0.0,2.2874527498041295,0.0
369055,2020-09-03,Lincoln,Oregon,41041.0,467,13.0,41,Oregon,Lincoln,49962,934.7103798887155,26.019775029022057,0.027837259100642397,2.0015211560786383,0.0,2.2874527498041295,0.0
369056,2020-09-04,Lincoln,Oregon,41041.0,467,13.0,41,Oregon,Lincoln,49962,934.7103798887155,26.019775029022057,0.027837259100642397,0.0,0.0,1.143726374902067,0.0
369057,2020-09-05,Lincoln,Oregon,41041.0,469,13.0,41,Oregon,Lincoln,49962,938.7134222008727,26.019775029022057,0.02771855010660981,4.003042312157277,0.0,1.4296579686275865,0.0
369058,2020-09-06,Lincoln,Oregon,41041.0,469,13.0,41,Oregon,Lincoln,49962,938.7134222008727,26.019775029022057,0.02771855010660981,0.0,0.0,1.143726374902067,0.0
369059,2020-09-07,Lincoln,Oregon,41041.0,470,13.0,41,Oregon,Lincoln,49962,940.7149433569514,26.019775029022057,0.027659574468085105,2.0015211560786383,0.0,1.1437263749020832,0.0
369060,2020-09-08,Lincoln,Oregon,41041.0,470,13.0,41,Oregon,Lincoln,49962,940.7149433569514,26.019775029022057,0.027659574468085105,0.0,0.0,1.1437263749020832,0.0
369061,2020-09-09,Lincoln,Oregon,41041.0,470,13.0,41,Oregon,Lincoln,49962,940.7149433569514,26.019775029022057,0.027659574468085105,0.0,0.0,1.1437263749020832,0.0
369062,2020-09-10,Lincoln,Oregon,41041.0,471,13.0,41,Oregon,Lincoln,49962,942.7164645130298,26.019775029022057,0.027600849256900213,2.001521156078411,0.0,1.1437263749020505,0.0
369063,2020-09-11,Lincoln,Oregon,41041.0,471,13.0,41,Oregon,Lincoln,49962,942.7164645130298,26.019775029022057,0.027600849256900213,0.0,0.0,1.1437263749020505,0.0
369064,2020-09-12,Lincoln,Oregon,41041.0,472,13.0,41,Oregon,Lincoln,49962,944.7179856691084,26.019775029022057,0.02754237288135593,2.0015211560786383,0.0,0.8577947811765309,0.0
369065,2020-09-13,Lincoln,Oregon,41041.0,473,13.0,41,Oregon,Lincoln,49962,946.7195068251871,26.019775029022057,0.02748414376321353,2.0015211560786383,0.0,1.1437263749020505,0.0
369066,2020-09-14,Lincoln,Oregon,41041.0,472,13.0,41,Oregon,Lincoln,49962,944.7179856691084,26.019775029022057,0.02754237288135593,-2.0015211560786383,0.0,0.5718631874510111,0.0
369067,2020-09-15,Lincoln,Oregon,41041.0,472,13.0,41,Oregon,Lincoln,49962,944.7179856691084,26.019775029022057,0.02754237288135593,0.0,0.0,0.5718631874510111,0.0
369068,2020-09-16,Lincoln,Oregon,41041.0,470,13.0,41,Oregon,Lincoln,49962,940.7149433569514,26.019775029022057,0.027659574468085105,-4.003042312157049,0.0,4.0602442043434294e-15,0.0
369069,2020-09-17,Lincoln,Oregon,41041.0,470,13.0,41,Oregon,Lincoln,49962,940.7149433569514,26.019775029022057,0.027659574468085105,0.0,0.0,-0.2859315937254832,0.0
369070,2020-09-18,Lincoln,Oregon,41041.0,470,13.0,41,Oregon,Lincoln,49962,940.7149433569514,26.019775029022057,0.027659574468085105,0.0,0.0,-0.2859315937254832,0.0
369071,2020-09-19,Lincoln,Oregon,41041.0,472,13.0,41,Oregon,Lincoln,49962,944.7179856691084,26.019775029022057,0.02754237288135593,4.003042312157049,0.0,4.0602442043434294e-15,0.0
369072,2020-09-20,Lincoln,Oregon,41041.0,472,13.0,41,Oregon,Lincoln,49962,944.7179856691084,26.019775029022057,0.02754237288135593,0.0,0.0,-0.2859315937255157,0.0
369073,2020-09-21,Lincoln,Oregon,41041.0,473,13.0,41,Oregon,Lincoln,49962,946.7195068251871,26.019775029022057,0.02748414376321353,2.0015211560786383,0.0,0.28593159372552385,0.0
369074,2020-09-22,Lincoln,Oregon,41041.0,474,13.0,41,Oregon,Lincoln,49962,948.7210279812657,26.019775029022057,0.027426160337552744,2.0015211560786383,0.0,0.5718631874510436,0.0
369075,2020-09-23,Lincoln,Oregon,41041.0,475,13.0,41,Oregon,Lincoln,49962,950.7225491373443,26.019775029022057,0.02736842105263158,2.0015211560786383,0.0,1.4296579686275703,0.0
369076,2020-09-24,Lincoln,Oregon,41041.0,476,13.0,41,Oregon,Lincoln,49962,952.7240702934229,26.019775029022057,0.0273109243697479,2.0015211560785247,0.0,1.715589562353074,0.0
369077,2020-09-25,Lincoln,Oregon,41041.0,478,13.0,41,Oregon,Lincoln,49962,956.7271126055801,26.019775029022057,0.027196652719665274,4.003042312157277,0.0,2.2874527498041135,0.0
369078,2020-09-26,Lincoln,Oregon,41041.0,481,13.0,41,Oregon,Lincoln,49962,962.7316760738161,26.019775029022057,0.02702702702702703,6.004563468235915,0.0,2.5733843435296655,0.0
369079,2020-09-27,Lincoln,Oregon,41041.0,482,13.0,41,Oregon,Lincoln,49962,964.7331972298947,26.019775029022057,0.026970954356846474,2.0015211560786383,0.0,2.8593159372551855,0.0
369080,2020-09-28,Lincoln,Oregon,41041.0,482,13.0,41,Oregon,Lincoln,49962,964.7331972298947,26.019775029022057,0.026970954356846474,0.0,0.0,2.5733843435296655,0.0
369081,2020-09-29,Lincoln,Oregon,41041.0,481,13.0,41,Oregon,Lincoln,49962,962.7316760738161,26.019775029022057,0.02702702702702703,-2.0015211560786383,0.0,2.0015211560786264,0.0
369082,2020-09-30,Lincoln,Oregon,41041.0,481,13.0,41,Oregon,Lincoln,49962,962.7316760738161,26.019775029022057,0.02702702702702703,0.0,0.0,1.7155895623531063,0.0
369083,2020-10-01,Lincoln,Oregon,41041.0,481,13.0,41,Oregon,Lincoln,49962,962.7316760738161,26.019775029022057,0.02702702702702703,0.0,0.0,1.429657968627603,0.0
369084,2020-10-02,Lincoln,Oregon,41041.0,482,13.0,41,Oregon,Lincoln,49962,964.7331972298947,26.019775029022057,0.026970954356846474,2.0015211560786383,0.0,1.1437263749020832,0.0
369085,2020-10-03,Lincoln,Oregon,41041.0,484,13.0,41,Oregon,Lincoln,49962,968.7362395420519,26.019775029022057,0.026859504132231406,4.003042312157163,0.0,0.8577947811765471,0.0
369086,2020-10-04,Lincoln,Oregon,41041.0,485,13.0,41,Oregon,Lincoln,49962,970.7377606981305,26.019775029022057,0.026804123711340205,2.0015211560786383,0.0,0.8577947811765471,0.0
369087,2020-10-05,Lincoln,Oregon,41041.0,485,13.0,41,Oregon,Lincoln,49962,970.7377606981305,26.019775029022057,0.026804123711340205,0.0,0.0,0.8577947811765471,0.0
369088,2020-10-06,Lincoln,Oregon,41041.0,488,13.0,41,Oregon,Lincoln,49962,976.7423241663664,26.019775029022057,0.02663934426229508,6.004563468235915,0.0,2.0015211560786264,0.0
369089,2020-10-07,Lincoln,Oregon,41041.0,489,13.0,41,Oregon,Lincoln,49962,978.743845322445,26.019775029022057,0.026584867075664622,2.0015211560786383,0.0,2.287452749804146,0.0
369090,2020-10-08,Lincoln,Oregon,41041.0,492,13.0,41,Oregon,Lincoln,49962,984.7484087906809,26.019775029022057,0.026422764227642278,6.004563468235801,0.0,3.145247530980689,0.0
369091,2020-10-09,Lincoln,Oregon,41041.0,493,13.0,41,Oregon,Lincoln,49962,986.7499299467595,26.019775029022057,0.02636916835699797,2.0015211560786383,0.0,3.145247530980689,0.0
369092,2020-10-10,Lincoln,Oregon,41041.0,495,13.0,41,Oregon,Lincoln,49962,990.7529722589168,26.019775029022057,0.026262626262626262,4.003042312157277,0.0,3.145247530980705,0.0
369093,2020-10-11,Lincoln,Oregon,41041.0,496,13.0,41,Oregon,Lincoln,49962,992.7544934149954,26.019775029022057,0.02620967741935484,2.0015211560786383,0.0,3.145247530980705,0.0
369094,2020-10-12,Lincoln,Oregon,41041.0,496,13.0,41,Oregon,Lincoln,49962,992.7544934149954,26.019775029022057,0.02620967741935484,0.0,0.0,3.145247530980705,0.0
369095,2020-10-13,Lincoln,Oregon,41041.0,501,13.0,41,Oregon,Lincoln,49962,1002.7620991953885,26.019775029022057,0.02594810379241517,10.007605780393078,0.0,3.7171107184317287,0.0
369096,2020-10-14,Lincoln,Oregon,41041.0,503,13.0,41,Oregon,Lincoln,49962,1006.7651415075456,26.019775029022057,0.02584493041749503,4.003042312157163,0.0,4.003042312157232,0.0
369097,2020-10-15,Lincoln,Oregon,41041.0,507,13.0,41,Oregon,Lincoln,49962,1014.7712261318602,26.019775029022057,0.02564102564102564,8.006084624314553,0.0,4.288973905882768,0.0
369098,2020-10-16,Lincoln,Oregon,41041.0,507,13.0,41,Oregon,Lincoln,49962,1014.7712261318602,26.019775029022057,0.02564102564102564,0.0,0.0,4.003042312157248,0.0
369099,2020-10-17,Lincoln,Oregon,41041.0,507,13.0,41,Oregon,Lincoln,49962,1014.7712261318602,26.019775029022057,0.02564102564102564,0.0,0.0,3.4311791247062087,0.0
369100,2020-10-18,Lincoln,Oregon,41041.0,508,13.0,41,Oregon,Lincoln,49962,1016.7727472879388,26.019775029022057,0.025590551181102362,2.0015211560786383,0.0,3.4311791247062087,0.0
369101,2020-10-19,Lincoln,Oregon,41041.0,508,13.0,41,Oregon,Lincoln,49962,1016.7727472879388,26.019775029022057,0.025590551181102362,0.0,0.0,3.4311791247062087,0.0
369102,2020-10-20,Lincoln,Oregon,41041.0,508,13.0,41,Oregon,Lincoln,49962,1016.7727472879388,26.019775029022057,0.025590551181102362,0.0,0.0,2.0015211560786264,0.0
369103,2020-10-21,Lincoln,Oregon,41041.0,509,13.0,41,Oregon,Lincoln,49962,1018.7742684440175,26.019775029022057,0.025540275049115914,2.0015211560786383,0.0,1.7155895623531225,0.0
369104,2020-10-22,Lincoln,Oregon,41041.0,509,13.0,41,Oregon,Lincoln,49962,1018.7742684440175,26.019775029022057,0.025540275049115914,0.0,0.0,0.5718631874510436,0.0
369105,2020-10-23,Lincoln,Oregon,41041.0,511,13.0,41,Oregon,Lincoln,49962,1022.7773107561746,26.019775029022057,0.025440313111545987,4.003042312157163,0.0,1.143726374902067,0.0
369106,2020-10-24,Lincoln,Oregon,41041.0,515,13.0,41,Oregon,Lincoln,49962,1030.783395380489,26.019775029022057,0.02524271844660194,8.00608462431444,0.0,2.2874527498041295,0.0
369107,2020-10-25,Lincoln,Oregon,41041.0,517,13.0,41,Oregon,Lincoln,49962,1034.7864376926464,26.019775029022057,0.025145067698259187,4.003042312157277,0.0,2.5733843435296495,0.0
369108,2020-10-26,Lincoln,Oregon,41041.0,517,13.0,41,Oregon,Lincoln,49962,1034.7864376926464,26.019775029022057,0.025145067698259187,0.0,0.0,2.5733843435296495,0.0
369109,2020-10-27,Lincoln,Oregon,41041.0,517,13.0,41,Oregon,Lincoln,49962,1034.7864376926464,26.019775029022057,0.025145067698259187,0.0,0.0,2.5733843435296495,0.0
369110,2020-10-28,Lincoln,Oregon,41041.0,518,13.0,41,Oregon,Lincoln,49962,1036.787958848725,26.019775029022057,0.025096525096525095,2.001521156078752,0.0,2.5733843435296655,0.0
369111,2020-10-29,Lincoln,Oregon,41041.0,518,13.0,41,Oregon,Lincoln,49962,1036.787958848725,26.019775029022057,0.025096525096525095,0.0,0.0,2.5733843435296655,0.0
369112,2020-10-30,Lincoln,Oregon,41041.0,519,13.0,41,Oregon,Lincoln,49962,1038.7894800048036,26.019775029022057,0.025048169556840076,2.0015211560785247,0.0,2.287452749804146,0.0
369113,2020-10-31,Lincoln,Oregon,41041.0,519,13.0,41,Oregon,Lincoln,49962,1038.7894800048036,26.019775029022057,0.025048169556840076,0.0,0.0,1.1437263749020832,0.0
369114,2020-11-01,Lincoln,Oregon,41041.0,521,13.0,41,Oregon,Lincoln,49962,1042.792522316961,26.019775029022057,0.02495201535508637,4.003042312157277,0.0,1.1437263749020832,0.0
369115,2020-11-02,Lincoln,Oregon,41041.0,522,13.0,41,Oregon,Lincoln,49962,1044.7940434730394,26.019775029022057,0.02490421455938697,2.0015211560785247,0.0,1.4296579686275865,0.0
369116,2020-11-03,Lincoln,Oregon,41041.0,522,13.0,41,Oregon,Lincoln,49962,1044.7940434730394,26.019775029022057,0.02490421455938697,0.0,0.0,1.4296579686275865,0.0
369117,2020-11-04,Lincoln,Oregon,41041.0,522,13.0,41,Oregon,Lincoln,49962,1044.7940434730394,26.019775029022057,0.02490421455938697,0.0,0.0,1.1437263749020505,0.0
369118,2020-11-05,Lincoln,Oregon,41041.0,523,13.0,41,Oregon,Lincoln,49962,1046.7955646291182,26.019775029022057,0.0248565965583174,2.001521156078752,0.0,1.4296579686275865,0.0
369119,2020-11-06,Lincoln,Oregon,41041.0,526,13.0,41,Oregon,Lincoln,49962,1052.800128097354,26.019775029022057,0.024714828897338403,6.004563468235801,0.0,2.0015211560786264,0.0
369120,2020-11-07,Lincoln,Oregon,41041.0,526,13.0,41,Oregon,Lincoln,49962,1052.800128097354,26.019775029022057,0.024714828897338403,0.0,0.0,2.0015211560786264,0.0
369121,2020-11-08,Lincoln,Oregon,41041.0,526,13.0,41,Oregon,Lincoln,49962,1052.800128097354,26.019775029022057,0.024714828897338403,0.0,0.0,1.4296579686275865,0.0
369122,2020-11-09,Lincoln,Oregon,41041.0,526,13.0,41,Oregon,Lincoln,49962,1052.800128097354,26.019775029022057,0.024714828897338403,0.0,0.0,1.1437263749020832,0.0
369123,2020-11-10,Lincoln,Oregon,41041.0,529,13.0,41,Oregon,Lincoln,49962,1058.8046915655898,26.019775029022057,0.024574669187145556,6.004563468235801,0.0,2.0015211560786264,0.0
369124,2020-11-11,Lincoln,Oregon,41041.0,529,13.0,41,Oregon,Lincoln,49962,1058.8046915655898,26.019775029022057,0.024574669187145556,0.0,0.0,2.0015211560786264,0.0
369125,2020-11-12,Lincoln,Oregon,41041.0,530,13.0,41,Oregon,Lincoln,49962,1060.8062127216685,26.019775029022057,0.024528301886792454,2.001521156078752,0.0,2.0015211560786264,0.0
369126,2020-11-13,Lincoln,Oregon,41041.0,532,13.0,41,Oregon,Lincoln,49962,1064.8092550338258,26.019775029022057,0.02443609022556391,4.003042312157277,0.0,1.7155895623531225,0.0
369127,2020-11-14,Lincoln,Oregon,41041.0,542,13.0,41,Oregon,Lincoln,49962,1084.824466594612,26.019775029022057,0.023985239852398525,20.015211560786156,0.0,4.574905499608287,0.0
369128,2020-11-15,Lincoln,Oregon,41041.0,544,13.0,41,Oregon,Lincoln,49962,1088.8275089067693,26.019775029022057,0.02389705882352941,4.003042312157277,0.0,5.146768687059327,0.0
369129,2020-11-16,Lincoln,Oregon,41041.0,544,13.0,41,Oregon,Lincoln,49962,1088.8275089067693,26.019775029022057,0.02389705882352941,0.0,0.0,5.146768687059327,0.0
369130,2020-11-17,Lincoln,Oregon,41041.0,546,13.0,41,Oregon,Lincoln,49962,1092.8305512189265,26.019775029022057,0.023809523809523808,4.003042312157277,0.0,4.860837093333823,0.0
369131,2020-11-18,Lincoln,Oregon,41041.0,551,13.0,41,Oregon,Lincoln,49962,1102.8381569993196,26.019775029022057,0.023593466424682397,10.007605780393078,0.0,6.290495061961407,0.0
369132,2020-11-19,Lincoln,Oregon,41041.0,552,13.0,41,Oregon,Lincoln,49962,1104.8396781553981,26.019775029022057,0.02355072463768116,2.0015211560785247,0.0,6.290495061961374,0.0
369133,2020-11-20,Lincoln,Oregon,41041.0,559,13.0,41,Oregon,Lincoln,49962,1118.8503262479485,26.019775029022057,0.023255813953488372,14.010648092550355,0.0,7.720153030588956,0.0
369134,2020-11-21,Lincoln,Oregon,41041.0,562,13.0,41,Oregon,Lincoln,49962,1124.8548897161843,26.019775029022057,0.023131672597864767,6.004563468235801,0.0,5.718631874510335,0.0
369135,2020-11-22,Lincoln,Oregon,41041.0,563,13.0,41,Oregon,Lincoln,49962,1126.856410872263,26.019775029022057,0.023090586145648313,2.001521156078752,0.0,5.432700280784831,0.0
369136,2020-11-23,Lincoln,Oregon,41041.0,565,13.0,41,Oregon,Lincoln,49962,1130.8594531844203,26.019775029022057,0.023008849557522124,4.003042312157277,0.0,6.004563468235871,0.0
369137,2020-11-24,Lincoln,Oregon,41041.0,588,13.0,41,Oregon,Lincoln,49962,1176.8944397742284,26.019775029022057,0.022108843537414966,46.03498658980811,0.0,12.009126936471704,0.0
369138,2020-11-25,Lincoln,Oregon,41041.0,600,14.0,41,Oregon,Lincoln,49962,1200.9126936471719,28.021296185100677,0.023333333333333334,24.018253872943433,2.0015211560786206,14.010648092550326,0.28593159372551724
369139,2020-11-26,Lincoln,Oregon,41041.0,610,15.0,41,Oregon,Lincoln,49962,1220.927905207958,30.022817341179294,0.02459016393442623,20.015211560786156,2.001521156078617,16.584032436079987,0.5718631874510339
369140,2020-11-27,Lincoln,Oregon,41041.0,613,15.0,41,Oregon,Lincoln,49962,1226.9324686761938,30.022817341179294,0.024469820554649267,6.004563468235801,0.0,15.440306061177909,0.5718631874510339
369141,2020-11-28,Lincoln,Oregon,41041.0,616,15.0,41,Oregon,Lincoln,49962,1232.9370321444298,30.022817341179294,0.024350649350649352,6.004563468236029,0.0,15.44030606117794,0.5718631874510339
369142,2020-11-29,Lincoln,Oregon,41041.0,622,15.0,41,Oregon,Lincoln,49962,1244.9461590809015,30.022817341179294,0.024115755627009645,12.009126936471603,0.0,16.86996402980549,0.5718631874510339
